id,x0,x1,x2,x3,x4,x5,x6,x7,x8,x9,x10,x11,x12,x13,x14,x15,x16,x17,x18,x19,x20,x21,x22,x23,x24,x25,x26,x27,x28,x29,x30,x31,x32,x33,x34,x35,x36,x37,x38,x39,x40,x41,x42,x43,x44,x45,x46,x47,x48,x49,x50,x51,x52,x53,x54,x55,x56,x57,x58,x59,x60,x61,x62,x63,target
338,0.0,1.0,15.0,14.0,2.0,0.0,0.0,0.0,0.0,6.0,14.0,0.0,0.0,3.0,2.0,0.0,0.0,2.0,16.0,3.0,2.0,13.0,3.0,0.0,0.0,0.0,11.0,14.0,15.0,9.0,0.0,0.0,0.0,0.0,7.0,16.0,11.0,0.0,0.0,0.0,0.0,0.0,15.0,13.0,14.0,0.0,0.0,0.0,0.0,2.0,15.0,4.0,16.0,3.0,0.0,0.0,0.0,1.0,15.0,16.0,12.0,1.0,0.0,0.0,1
329,0.0,0.0,2.0,10.0,11.0,1.0,0.0,0.0,0.0,0.0,5.0,14.0,3.0,12.0,0.0,0.0,0.0,0.0,6.0,13.0,3.0,15.0,0.0,0.0,0.0,0.0,8.0,15.0,15.0,9.0,0.0,0.0,0.0,2.0,16.0,11.0,9.0,0.0,0.0,0.0,0.0,2.0,14.0,2.0,10.0,0.0,0.0,0.0,0.0,0.0,7.0,6.0,13.0,0.0,0.0,0.0,0.0,0.0,1.0,15.0,6.0,0.0,0.0,0.0,1
189,0.0,0.0,1.0,11.0,15.0,6.0,0.0,0.0,0.0,2.0,15.0,10.0,16.0,15.0,0.0,0.0,0.0,1.0,14.0,5.0,6.0,11.0,0.0,0.0,0.0,0.0,5.0,14.0,14.0,3.0,0.0,0.0,0.0,0.0,1.0,14.0,16.0,6.0,0.0,0.0,0.0,0.0,10.0,8.0,6.0,15.0,1.0,0.0,0.0,0.0,9.0,9.0,4.0,16.0,3.0,0.0,0.0,0.0,1.0,15.0,15.0,6.0,0.0,0.0,1
154,0.0,0.0,3.0,13.0,15.0,5.0,0.0,0.0,0.0,1.0,15.0,13.0,10.0,15.0,0.0,0.0,0.0,2.0,16.0,3.0,2.0,9.0,0.0,0.0,0.0,0.0,12.0,13.0,14.0,7.0,0.0,0.0,0.0,0.0,10.0,16.0,9.0,0.0,0.0,0.0,0.0,1.0,16.0,4.0,9.0,11.0,1.0,0.0,0.0,0.0,15.0,3.0,0.0,8.0,8.0,0.0,0.0,0.0,3.0,12.0,15.0,12.0,7.0,0.0,1
283,0.0,0.0,8.0,16.0,8.0,0.0,0.0,0.0,0.0,0.0,16.0,6.0,15.0,1.0,0.0,0.0,0.0,4.0,10.0,0.0,12.0,2.0,0.0,0.0,0.0,0.0,0.0,7.0,16.0,3.0,0.0,0.0,0.0,0.0,0.0,5.0,13.0,16.0,3.0,0.0,0.0,0.0,0.0,0.0,0.0,11.0,6.0,0.0,0.0,0.0,12.0,9.0,9.0,16.0,2.0,0.0,0.0,0.0,8.0,16.0,15.0,7.0,0.0,0.0,0
147,0.0,0.0,7.0,15.0,12.0,0.0,0.0,0.0,0.0,3.0,15.0,8.0,14.0,2.0,0.0,0.0,0.0,0.0,5.0,2.0,11.0,0.0,0.0,0.0,0.0,0.0,1.0,11.0,8.0,2.0,0.0,0.0,0.0,0.0,8.0,16.0,16.0,15.0,4.0,0.0,0.0,0.0,1.0,4.0,2.0,12.0,6.0,0.0,0.0,0.0,2.0,4.0,13.0,12.0,0.0,0.0,0.0,0.0,5.0,13.0,9.0,1.0,0.0,0.0,0
7,0.0,0.0,11.0,10.0,12.0,4.0,0.0,0.0,0.0,0.0,12.0,13.0,9.0,16.0,1.0,0.0,0.0,0.0,7.0,13.0,11.0,16.0,0.0,0.0,0.0,0.0,1.0,16.0,14.0,4.0,0.0,0.0,0.0,0.0,10.0,16.0,13.0,0.0,0.0,0.0,0.0,0.0,14.0,7.0,12.0,7.0,0.0,0.0,0.0,4.0,14.0,4.0,12.0,13.0,0.0,0.0,0.0,1.0,11.0,14.0,12.0,4.0,0.0,0.0,1
320,0.0,0.0,9.0,16.0,16.0,10.0,0.0,0.0,0.0,0.0,9.0,9.0,9.0,15.0,0.0,0.0,0.0,0.0,0.0,0.0,6.0,14.0,0.0,0.0,0.0,0.0,0.0,2.0,15.0,7.0,0.0,0.0,0.0,0.0,1.0,14.0,16.0,4.0,0.0,0.0,0.0,0.0,5.0,16.0,16.0,8.0,0.0,0.0,0.0,0.0,0.0,6.0,16.0,4.0,0.0,0.0,0.0,0.0,11.0,16.0,12.0,0.0,0.0,0.0,0
114,0.0,0.0,1.0,9.0,16.0,6.0,0.0,0.0,0.0,4.0,14.0,10.0,11.0,10.0,0.0,0.0,0.0,12.0,10.0,0.0,13.0,6.0,0.0,0.0,0.0,6.0,7.0,4.0,16.0,5.0,0.0,0.0,0.0,0.0,0.0,0.0,7.0,12.0,1.0,0.0,0.0,0.0,0.0,0.0,0.0,8.0,10.0,0.0,0.0,0.0,8.0,13.0,3.0,0.0,14.0,3.0,0.0,0.0,0.0,8.0,16.0,16.0,13.0,3.0,0
296,0.0,1.0,12.0,16.0,16.0,9.0,0.0,0.0,0.0,2.0,14.0,5.0,9.0,14.0,0.0,0.0,0.0,0.0,0.0,1.0,12.0,11.0,0.0,0.0,0.0,0.0,0.0,12.0,16.0,6.0,0.0,0.0,0.0,0.0,0.0,2.0,8.0,15.0,5.0,0.0,0.0,0.0,2.0,0.0,0.0,11.0,9.0,0.0,0.0,4.0,14.0,4.0,4.0,14.0,6.0,0.0,0.0,0.0,15.0,16.0,16.0,11.0,1.0,0.0,0
109,0.0,0.0,2.0,13.0,14.0,6.0,0.0,0.0,0.0,0.0,10.0,13.0,5.0,16.0,0.0,0.0,0.0,0.0,9.0,9.0,4.0,14.0,0.0,0.0,0.0,0.0,4.0,15.0,15.0,5.0,0.0,0.0,0.0,0.0,5.0,16.0,14.0,1.0,0.0,0.0,0.0,0.0,14.0,6.0,8.0,9.0,0.0,0.0,0.0,0.0,13.0,7.0,1.0,11.0,5.0,0.0,0.0,0.0,3.0,11.0,15.0,16.0,12.0,0.0,1
107,0.0,0.0,0.0,9.0,16.0,6.0,0.0,0.0,0.0,0.0,4.0,15.0,6.0,15.0,0.0,0.0,0.0,0.0,8.0,11.0,9.0,11.0,0.0,0.0,0.0,0.0,8.0,16.0,14.0,2.0,0.0,0.0,0.0,0.0,11.0,16.0,13.0,0.0,0.0,0.0,0.0,6.0,14.0,2.0,12.0,9.0,0.0,0.0,0.0,5.0,16.0,11.0,5.0,13.0,4.0,0.0,0.0,0.0,3.0,8.0,13.0,16.0,9.0,0.0,1
315,0.0,0.0,0.0,8.0,15.0,4.0,0.0,0.0,0.0,0.0,3.0,16.0,10.0,11.0,0.0,0.0,0.0,0.0,6.0,12.0,11.0,13.0,0.0,0.0,0.0,0.0,10.0,16.0,16.0,9.0,0.0,0.0,0.0,1.0,16.0,12.0,11.0,5.0,0.0,0.0,0.0,2.0,13.0,0.0,2.0,9.0,0.0,0.0,0.0,0.0,8.0,6.0,2.0,12.0,0.0,0.0,0.0,0.0,1.0,9.0,14.0,9.0,0.0,0.0,1
25,0.0,0.0,7.0,13.0,15.0,5.0,0.0,0.0,0.0,0.0,8.0,16.0,16.0,12.0,0.0,0.0,0.0,0.0,7.0,16.0,15.0,3.0,0.0,0.0,0.0,0.0,6.0,16.0,5.0,0.0,0.0,0.0,0.0,0.0,5.0,16.0,2.0,0.0,0.0,0.0,0.0,0.0,8.0,16.0,6.0,0.0,0.0,0.0,0.0,0.0,12.0,12.0,13.0,0.0,0.0,0.0,0.0,0.0,5.0,13.0,10.0,0.0,0.0,0.0,1
133,0.0,0.0,5.0,12.0,16.0,7.0,0.0,0.0,0.0,5.0,14.0,4.0,9.0,15.0,5.0,0.0,0.0,4.0,13.0,6.0,14.0,6.0,2.0,0.0,0.0,1.0,14.0,16.0,2.0,0.0,0.0,0.0,0.0,3.0,15.0,12.0,9.0,0.0,0.0,0.0,0.0,5.0,12.0,0.0,10.0,7.0,0.0,0.0,0.0,3.0,15.0,4.0,2.0,15.0,0.0,0.0,0.0,0.0,5.0,14.0,14.0,7.0,0.0,0.0,1
335,0.0,4.0,13.0,16.0,16.0,7.0,0.0,0.0,0.0,8.0,12.0,16.0,16.0,13.0,0.0,0.0,0.0,0.0,9.0,16.0,16.0,3.0,0.0,0.0,0.0,0.0,15.0,16.0,6.0,0.0,0.0,0.0,0.0,0.0,10.0,11.0,9.0,2.0,0.0,0.0,0.0,0.0,1.0,7.0,15.0,13.0,2.0,0.0,0.0,0.0,3.0,4.0,7.0,16.0,10.0,0.0,0.0,2.0,11.0,15.0,11.0,8.0,2.0,0.0,0
129,0.0,0.0,0.0,4.0,12.0,15.0,4.0,0.0,0.0,0.0,3.0,14.0,4.0,10.0,8.0,0.0,0.0,0.0,4.0,12.0,5.0,14.0,2.0,0.0,0.0,0.0,4.0,16.0,14.0,3.0,0.0,0.0,0.0,1.0,12.0,15.0,13.0,0.0,0.0,0.0,0.0,6.0,13.0,1.0,12.0,6.0,0.0,0.0,0.0,0.0,10.0,13.0,5.0,14.0,1.0,0.0,0.0,0.0,0.0,4.0,10.0,16.0,8.0,0.0,1
236,0.0,1.0,8.0,10.0,14.0,10.0,0.0,0.0,0.0,12.0,10.0,6.0,6.0,16.0,2.0,0.0,0.0,3.0,0.0,0.0,7.0,14.0,1.0,0.0,0.0,0.0,0.0,0.0,9.0,11.0,0.0,0.0,0.0,0.0,0.0,0.0,2.0,16.0,1.0,0.0,0.0,0.0,0.0,0.0,0.0,8.0,12.0,0.0,0.0,0.0,4.0,0.0,2.0,11.0,9.0,0.0,0.0,0.0,12.0,16.0,14.0,12.0,4.0,0.0,0
141,0.0,1.0,7.0,13.0,16.0,11.0,0.0,0.0,0.0,11.0,16.0,13.0,15.0,16.0,0.0,0.0,0.0,3.0,8.0,2.0,16.0,9.0,0.0,0.0,0.0,0.0,0.0,8.0,16.0,4.0,0.0,0.0,0.0,0.0,0.0,5.0,16.0,16.0,5.0,0.0,0.0,0.0,0.0,0.0,3.0,14.0,11.0,0.0,0.0,0.0,3.0,8.0,14.0,16.0,8.0,0.0,0.0,0.0,7.0,16.0,12.0,7.0,0.0,0.0,0
38,0.0,1.0,10.0,15.0,16.0,13.0,3.0,0.0,0.0,5.0,14.0,5.0,5.0,15.0,8.0,0.0,0.0,0.0,0.0,0.0,2.0,15.0,6.0,0.0,0.0,0.0,0.0,0.0,9.0,16.0,0.0,0.0,0.0,0.0,0.0,0.0,9.0,16.0,0.0,0.0,0.0,0.0,0.0,0.0,4.0,16.0,6.0,0.0,0.0,0.0,2.0,3.0,13.0,12.0,0.0,0.0,0.0,0.0,15.0,13.0,7.0,0.0,0.0,0.0,0
186,0.0,2.0,13.0,16.0,15.0,1.0,0.0,0.0,0.0,7.0,13.0,10.0,16.0,4.0,0.0,0.0,0.0,0.0,0.0,8.0,16.0,2.0,0.0,0.0,0.0,0.0,8.0,16.0,16.0,10.0,0.0,0.0,0.0,0.0,1.0,4.0,10.0,16.0,8.0,0.0,0.0,0.0,0.0,0.0,0.0,16.0,9.0,0.0,0.0,2.0,12.0,6.0,6.0,16.0,6.0,0.0,0.0,1.0,15.0,16.0,16.0,9.0,1.0,0.0,0
167,0.0,0.0,15.0,16.0,13.0,6.0,0.0,0.0,0.0,0.0,12.0,12.0,14.0,13.0,0.0,0.0,0.0,0.0,0.0,0.0,11.0,9.0,0.0,0.0,0.0,0.0,1.0,11.0,15.0,2.0,0.0,0.0,0.0,0.0,8.0,16.0,16.0,12.0,1.0,0.0,0.0,1.0,8.0,4.0,9.0,16.0,3.0,0.0,0.0,5.0,14.0,7.0,10.0,15.0,1.0,0.0,0.0,2.0,12.0,16.0,14.0,6.0,0.0,0.0,0
137,0.0,0.0,4.0,12.0,16.0,6.0,0.0,0.0,0.0,4.0,16.0,10.0,5.0,16.0,4.0,0.0,0.0,8.0,13.0,0.0,5.0,15.0,5.0,0.0,0.0,6.0,12.0,7.0,15.0,3.0,0.0,0.0,0.0,0.0,12.0,16.0,12.0,1.0,0.0,0.0,0.0,0.0,11.0,10.0,9.0,11.0,0.0,0.0,0.0,0.0,12.0,6.0,0.0,13.0,3.0,0.0,0.0,0.0,6.0,13.0,13.0,8.0,0.0,0.0,1
313,0.0,0.0,5.0,12.0,16.0,15.0,0.0,0.0,0.0,3.0,16.0,8.0,9.0,16.0,0.0,0.0,0.0,4.0,16.0,14.0,16.0,7.0,0.0,0.0,0.0,5.0,16.0,15.0,5.0,0.0,0.0,0.0,0.0,8.0,15.0,6.0,0.0,0.0,0.0,0.0,0.0,4.0,8.0,14.0,0.0,0.0,0.0,0.0,0.0,3.0,10.0,16.0,1.0,0.0,0.0,0.0,0.0,0.0,6.0,15.0,2.0,0.0,0.0,0.0,1
39,0.0,2.0,14.0,16.0,14.0,4.0,0.0,0.0,0.0,4.0,11.0,5.0,13.0,12.0,0.0,0.0,0.0,0.0,0.0,2.0,15.0,7.0,0.0,0.0,0.0,0.0,0.0,4.0,16.0,4.0,0.0,0.0,0.0,0.0,0.0,1.0,13.0,13.0,1.0,0.0,0.0,0.0,0.0,0.0,2.0,16.0,4.0,0.0,0.0,0.0,1.0,3.0,11.0,15.0,2.0,0.0,0.0,1.0,12.0,16.0,9.0,2.0,0.0,0.0,0
115,0.0,0.0,4.0,12.0,16.0,14.0,7.0,0.0,0.0,2.0,16.0,6.0,0.0,7.0,12.0,0.0,0.0,0.0,7.0,0.0,3.0,13.0,3.0,0.0,0.0,0.0,0.0,1.0,16.0,6.0,0.0,0.0,0.0,0.0,0.0,0.0,9.0,12.0,0.0,0.0,0.0,0.0,2.0,0.0,0.0,13.0,5.0,0.0,0.0,3.0,16.0,7.0,1.0,12.0,4.0,0.0,0.0,0.0,3.0,12.0,16.0,15.0,2.0,0.0,0
145,0.0,1.0,5.0,12.0,16.0,14.0,2.0,0.0,0.0,8.0,16.0,16.0,16.0,16.0,3.0,0.0,0.0,6.0,9.0,2.0,12.0,12.0,0.0,0.0,0.0,0.0,0.0,5.0,16.0,8.0,0.0,0.0,0.0,0.0,0.0,1.0,13.0,16.0,9.0,0.0,0.0,0.0,0.0,0.0,1.0,14.0,10.0,0.0,0.0,0.0,1.0,11.0,15.0,15.0,5.0,0.0,0.0,0.0,6.0,16.0,12.0,5.0,0.0,0.0,0
54,0.0,0.0,6.0,15.0,16.0,10.0,0.0,0.0,0.0,3.0,16.0,11.0,15.0,10.0,0.0,0.0,0.0,4.0,10.0,10.0,16.0,4.0,0.0,0.0,0.0,0.0,4.0,16.0,15.0,3.0,0.0,0.0,0.0,0.0,1.0,9.0,16.0,15.0,2.0,0.0,0.0,0.0,0.0,0.0,3.0,16.0,6.0,0.0,0.0,0.0,3.0,9.0,12.0,16.0,5.0,0.0,0.0,0.0,9.0,16.0,16.0,8.0,0.0,0.0,0
327,0.0,0.0,7.0,15.0,16.0,10.0,0.0,0.0,0.0,0.0,14.0,9.0,10.0,16.0,1.0,0.0,0.0,0.0,2.0,5.0,15.0,14.0,0.0,0.0,0.0,0.0,0.0,11.0,16.0,5.0,0.0,0.0,0.0,0.0,0.0,2.0,16.0,8.0,0.0,0.0,0.0,0.0,0.0,0.0,10.0,13.0,0.0,0.0,0.0,0.0,11.0,9.0,15.0,16.0,1.0,0.0,0.0,0.0,8.0,16.0,16.0,12.0,0.0,0.0,0
125,0.0,0.0,0.0,7.0,12.0,13.0,1.0,0.0,0.0,0.0,8.0,11.0,1.0,10.0,8.0,0.0,0.0,0.0,12.0,2.0,1.0,11.0,7.0,0.0,0.0,0.0,10.0,10.0,14.0,8.0,0.0,0.0,0.0,1.0,7.0,16.0,9.0,0.0,0.0,0.0,0.0,7.0,16.0,7.0,14.0,3.0,0.0,0.0,0.0,0.0,7.0,13.0,5.0,14.0,0.0,0.0,0.0,0.0,0.0,6.0,15.0,14.0,2.0,0.0,1
324,0.0,0.0,6.0,16.0,15.0,5.0,0.0,0.0,0.0,0.0,2.0,13.0,14.0,13.0,0.0,0.0,0.0,0.0,0.0,2.0,14.0,14.0,1.0,0.0,0.0,0.0,0.0,3.0,16.0,10.0,0.0,0.0,0.0,0.0,0.0,0.0,14.0,10.0,0.0,0.0,0.0,0.0,0.0,0.0,10.0,14.0,0.0,0.0,0.0,0.0,8.0,7.0,12.0,16.0,0.0,0.0,0.0,0.0,6.0,16.0,16.0,12.0,1.0,0.0,0
193,0.0,0.0,8.0,12.0,13.0,5.0,0.0,0.0,0.0,4.0,13.0,4.0,9.0,11.0,0.0,0.0,0.0,0.0,0.0,6.0,13.0,4.0,0.0,0.0,0.0,0.0,0.0,10.0,15.0,4.0,0.0,0.0,0.0,0.0,0.0,0.0,4.0,15.0,2.0,0.0,0.0,7.0,8.0,0.0,0.0,12.0,7.0,0.0,0.0,8.0,9.0,1.0,3.0,16.0,3.0,0.0,0.0,0.0,10.0,16.0,16.0,6.0,0.0,0.0,0
284,0.0,0.0,4.0,12.0,13.0,5.0,0.0,0.0,0.0,3.0,15.0,8.0,10.0,15.0,2.0,0.0,0.0,3.0,14.0,2.0,2.0,15.0,3.0,0.0,0.0,0.0,10.0,16.0,16.0,7.0,0.0,0.0,0.0,0.0,0.0,7.0,13.0,15.0,3.0,0.0,0.0,0.0,2.0,11.0,1.0,12.0,5.0,0.0,0.0,0.0,7.0,9.0,1.0,14.0,2.0,0.0,0.0,0.0,4.0,16.0,16.0,7.0,0.0,0.0,1
234,0.0,0.0,7.0,14.0,16.0,13.0,1.0,0.0,0.0,9.0,15.0,8.0,10.0,16.0,7.0,0.0,0.0,5.0,1.0,0.0,14.0,14.0,1.0,0.0,0.0,0.0,0.0,4.0,16.0,12.0,0.0,0.0,0.0,0.0,0.0,2.0,16.0,13.0,0.0,0.0,0.0,0.0,0.0,0.0,6.0,16.0,7.0,0.0,0.0,0.0,9.0,7.0,6.0,16.0,9.0,0.0,0.0,0.0,5.0,15.0,16.0,11.0,3.0,0.0,0
227,0.0,0.0,9.0,14.0,14.0,3.0,0.0,0.0,0.0,4.0,13.0,1.0,4.0,11.0,0.0,0.0,0.0,1.0,14.0,1.0,11.0,7.0,6.0,0.0,0.0,0.0,15.0,13.0,9.0,12.0,3.0,0.0,0.0,0.0,1.0,14.0,14.0,0.0,0.0,0.0,0.0,0.0,5.0,14.0,12.0,0.0,0.0,0.0,0.0,0.0,12.0,1.0,9.0,5.0,0.0,0.0,0.0,0.0,11.0,12.0,13.0,3.0,0.0,0.0,1
174,0.0,0.0,2.0,13.0,15.0,1.0,0.0,0.0,0.0,1.0,14.0,13.0,15.0,4.0,0.0,0.0,0.0,5.0,14.0,2.0,15.0,0.0,0.0,0.0,0.0,6.0,14.0,8.0,13.0,0.0,0.0,0.0,0.0,0.0,7.0,16.0,12.0,1.0,0.0,0.0,0.0,0.0,1.0,15.0,10.0,13.0,1.0,0.0,0.0,0.0,4.0,13.0,4.0,13.0,6.0,0.0,0.0,0.0,0.0,11.0,16.0,14.0,1.0,0.0,1
268,0.0,0.0,8.0,16.0,16.0,12.0,0.0,0.0,0.0,0.0,14.0,12.0,10.0,14.0,0.0,0.0,0.0,0.0,3.0,3.0,10.0,10.0,0.0,0.0,0.0,0.0,0.0,8.0,16.0,5.0,0.0,0.0,0.0,0.0,0.0,7.0,16.0,6.0,0.0,0.0,0.0,0.0,4.0,0.0,7.0,14.0,0.0,0.0,0.0,2.0,16.0,5.0,10.0,16.0,0.0,0.0,0.0,0.0,7.0,16.0,16.0,7.0,0.0,0.0,0
42,0.0,0.0,15.0,16.0,11.0,3.0,0.0,0.0,0.0,0.0,4.0,10.0,15.0,15.0,3.0,0.0,0.0,0.0,0.0,0.0,14.0,16.0,5.0,0.0,0.0,0.0,0.0,5.0,16.0,12.0,0.0,0.0,0.0,0.0,0.0,3.0,16.0,11.0,1.0,0.0,0.0,0.0,0.0,2.0,13.0,16.0,9.0,0.0,0.0,0.0,6.0,15.0,16.0,12.0,3.0,0.0,0.0,0.0,15.0,14.0,7.0,1.0,0.0,0.0,0
224,0.0,0.0,10.0,15.0,8.0,0.0,0.0,0.0,0.0,0.0,16.0,4.0,11.0,3.0,5.0,0.0,0.0,0.0,14.0,5.0,7.0,10.0,7.0,0.0,0.0,0.0,4.0,13.0,12.0,11.0,0.0,0.0,0.0,0.0,2.0,14.0,12.0,0.0,0.0,0.0,0.0,1.0,14.0,7.0,12.0,4.0,0.0,0.0,0.0,7.0,10.0,0.0,3.0,12.0,0.0,0.0,0.0,1.0,10.0,11.0,12.0,10.0,0.0,0.0,1
317,0.0,0.0,7.0,15.0,15.0,6.0,0.0,0.0,0.0,4.0,16.0,16.0,11.0,15.0,0.0,0.0,0.0,7.0,16.0,10.0,10.0,16.0,1.0,0.0,0.0,3.0,11.0,16.0,16.0,6.0,0.0,0.0,0.0,1.0,15.0,16.0,10.0,0.0,0.0,0.0,0.0,5.0,16.0,5.0,14.0,0.0,0.0,0.0,0.0,1.0,13.0,3.0,14.0,1.0,0.0,0.0,0.0,0.0,5.0,15.0,15.0,2.0,0.0,0.0,1
238,0.0,1.0,13.0,9.0,8.0,13.0,2.0,0.0,0.0,10.0,7.0,0.0,0.0,12.0,2.0,0.0,0.0,9.0,6.0,0.0,9.0,6.0,0.0,0.0,0.0,1.0,13.0,10.0,10.0,0.0,0.0,0.0,0.0,0.0,9.0,16.0,2.0,0.0,0.0,0.0,0.0,2.0,12.0,5.0,12.0,1.0,0.0,0.0,0.0,4.0,9.0,0.0,9.0,5.0,0.0,0.0,0.0,1.0,12.0,11.0,8.0,0.0,0.0,0.0,1
60,0.0,0.0,7.0,15.0,16.0,12.0,0.0,0.0,0.0,4.0,16.0,11.0,12.0,12.0,0.0,0.0,0.0,2.0,7.0,1.0,13.0,11.0,0.0,0.0,0.0,0.0,0.0,13.0,16.0,6.0,0.0,0.0,0.0,0.0,0.0,11.0,15.0,16.0,3.0,0.0,0.0,0.0,0.0,0.0,1.0,15.0,8.0,0.0,0.0,0.0,5.0,16.0,12.0,15.0,8.0,0.0,0.0,0.0,7.0,16.0,16.0,13.0,2.0,0.0,0
59,0.0,0.0,5.0,12.0,15.0,10.0,1.0,0.0,0.0,2.0,14.0,7.0,4.0,9.0,7.0,0.0,0.0,7.0,15.0,7.0,0.0,9.0,8.0,0.0,0.0,1.0,5.0,15.0,11.0,13.0,3.0,0.0,0.0,0.0,3.0,15.0,16.0,5.0,0.0,0.0,0.0,0.0,15.0,9.0,12.0,7.0,0.0,0.0,0.0,0.0,15.0,5.0,8.0,12.0,0.0,0.0,0.0,0.0,4.0,14.0,16.0,11.0,0.0,0.0,1
344,0.0,1.0,9.0,16.0,16.0,12.0,1.0,0.0,0.0,0.0,7.0,8.0,10.0,16.0,9.0,0.0,0.0,0.0,0.0,0.0,9.0,16.0,4.0,0.0,0.0,0.0,5.0,13.0,13.0,3.0,0.0,0.0,0.0,0.0,13.0,16.0,8.0,0.0,0.0,0.0,0.0,0.0,0.0,11.0,16.0,8.0,0.0,0.0,0.0,0.0,3.0,5.0,14.0,15.0,0.0,0.0,0.0,0.0,10.0,16.0,11.0,4.0,0.0,0.0,0
58,0.0,0.0,4.0,15.0,14.0,10.0,1.0,0.0,0.0,0.0,7.0,9.0,0.0,9.0,8.0,0.0,0.0,0.0,11.0,9.0,2.0,13.0,7.0,0.0,0.0,0.0,4.0,15.0,14.0,4.0,0.0,0.0,0.0,0.0,6.0,15.0,15.0,1.0,0.0,0.0,0.0,4.0,14.0,1.0,13.0,7.0,0.0,0.0,0.0,7.0,13.0,1.0,5.0,13.0,0.0,0.0,0.0,0.0,7.0,14.0,16.0,16.0,1.0,0.0,1
85,0.0,0.0,5.0,12.0,9.0,1.0,0.0,0.0,0.0,0.0,16.0,9.0,15.0,9.0,0.0,0.0,0.0,2.0,14.0,1.0,10.0,12.0,0.0,0.0,0.0,0.0,9.0,14.0,16.0,11.0,0.0,0.0,0.0,0.0,3.0,15.0,16.0,9.0,0.0,0.0,0.0,0.0,12.0,10.0,3.0,13.0,1.0,0.0,0.0,0.0,11.0,8.0,5.0,16.0,3.0,0.0,0.0,0.0,4.0,10.0,8.0,3.0,0.0,0.0,1
257,0.0,0.0,13.0,16.0,9.0,4.0,0.0,0.0,0.0,0.0,15.0,9.0,9.0,15.0,1.0,0.0,0.0,0.0,11.0,9.0,13.0,11.0,0.0,0.0,0.0,0.0,5.0,16.0,14.0,1.0,0.0,0.0,0.0,0.0,7.0,16.0,10.0,0.0,0.0,0.0,0.0,0.0,14.0,10.0,16.0,2.0,0.0,0.0,0.0,0.0,16.0,4.0,15.0,7.0,0.0,0.0,0.0,0.0,11.0,16.0,16.0,3.0,0.0,0.0,1
14,0.0,3.0,5.0,14.0,13.0,6.0,0.0,0.0,0.0,9.0,16.0,12.0,10.0,12.0,0.0,0.0,0.0,6.0,16.0,3.0,12.0,11.0,0.0,0.0,0.0,1.0,13.0,10.0,16.0,6.0,0.0,0.0,0.0,0.0,10.0,16.0,10.0,0.0,0.0,0.0,0.0,1.0,15.0,16.0,10.0,0.0,0.0,0.0,0.0,0.0,16.0,12.0,16.0,0.0,0.0,0.0,0.0,0.0,3.0,15.0,16.0,5.0,0.0,0.0,1
182,0.0,0.0,6.0,13.0,12.0,2.0,0.0,0.0,0.0,0.0,7.0,7.0,10.0,12.0,0.0,0.0,0.0,0.0,0.0,1.0,12.0,9.0,0.0,0.0,0.0,0.0,0.0,7.0,16.0,7.0,0.0,0.0,0.0,0.0,0.0,0.0,5.0,14.0,1.0,0.0,0.0,1.0,7.0,0.0,0.0,7.0,11.0,0.0,0.0,1.0,16.0,4.0,0.0,9.0,11.0,0.0,0.0,0.0,5.0,13.0,12.0,16.0,3.0,0.0,0
270,0.0,0.0,5.0,15.0,16.0,15.0,1.0,0.0,0.0,10.0,16.0,11.0,8.0,16.0,5.0,0.0,0.0,12.0,10.0,1.0,10.0,15.0,1.0,0.0,0.0,0.0,0.0,8.0,16.0,11.0,1.0,0.0,0.0,0.0,0.0,1.0,10.0,16.0,10.0,0.0,0.0,0.0,0.0,2.0,0.0,7.0,16.0,0.0,0.0,0.0,8.0,13.0,5.0,15.0,12.0,0.0,0.0,0.0,5.0,15.0,16.0,14.0,3.0,0.0,0
23,0.0,0.0,5.0,14.0,15.0,4.0,0.0,0.0,0.0,0.0,8.0,16.0,16.0,14.0,0.0,0.0,0.0,0.0,5.0,16.0,16.0,9.0,0.0,0.0,0.0,0.0,0.0,15.0,16.0,1.0,0.0,0.0,0.0,0.0,1.0,16.0,13.0,0.0,0.0,0.0,0.0,0.0,11.0,15.0,14.0,5.0,0.0,0.0,0.0,0.0,12.0,12.0,8.0,15.0,1.0,0.0,0.0,0.0,5.0,16.0,16.0,16.0,2.0,0.0,1
239,0.0,0.0,13.0,14.0,12.0,15.0,4.0,0.0,0.0,0.0,16.0,5.0,5.0,16.0,5.0,0.0,0.0,0.0,13.0,7.0,15.0,4.0,0.0,0.0,0.0,0.0,11.0,16.0,2.0,0.0,0.0,0.0,0.0,2.0,13.0,10.0,6.0,0.0,0.0,0.0,0.0,8.0,5.0,1.0,15.0,0.0,0.0,0.0,0.0,5.0,8.0,1.0,16.0,0.0,0.0,0.0,0.0,1.0,10.0,16.0,8.0,0.0,0.0,0.0,1
63,0.0,0.0,7.0,14.0,16.0,11.0,0.0,0.0,0.0,2.0,16.0,11.0,11.0,16.0,2.0,0.0,0.0,0.0,3.0,3.0,15.0,9.0,0.0,0.0,0.0,0.0,0.0,10.0,16.0,8.0,0.0,0.0,0.0,0.0,0.0,3.0,14.0,15.0,2.0,0.0,0.0,0.0,0.0,0.0,1.0,16.0,6.0,0.0,0.0,0.0,3.0,12.0,13.0,15.0,2.0,0.0,0.0,0.0,6.0,16.0,12.0,5.0,0.0,0.0,0
228,0.0,0.0,15.0,12.0,3.0,0.0,0.0,0.0,0.0,0.0,15.0,9.0,14.0,1.0,0.0,0.0,0.0,0.0,12.0,10.0,15.0,1.0,0.0,0.0,0.0,0.0,5.0,16.0,4.0,10.0,7.0,0.0,0.0,0.0,0.0,11.0,14.0,11.0,0.0,0.0,0.0,0.0,1.0,12.0,13.0,11.0,0.0,0.0,0.0,0.0,12.0,6.0,0.0,9.0,4.0,0.0,0.0,0.0,15.0,4.0,5.0,13.0,6.0,0.0,1
212,0.0,1.0,13.0,14.0,2.0,0.0,0.0,0.0,0.0,7.0,14.0,9.0,5.0,0.0,0.0,0.0,0.0,6.0,13.0,3.0,12.0,6.0,4.0,0.0,0.0,1.0,14.0,12.0,14.0,16.0,4.0,0.0,0.0,0.0,2.0,16.0,16.0,7.0,0.0,0.0,0.0,0.0,11.0,14.0,8.0,13.0,0.0,0.0,0.0,4.0,16.0,4.0,2.0,14.0,2.0,0.0,0.0,1.0,12.0,14.0,13.0,6.0,0.0,0.0,1
104,0.0,0.0,1.0,9.0,15.0,5.0,0.0,0.0,0.0,0.0,14.0,11.0,5.0,11.0,0.0,0.0,0.0,4.0,15.0,1.0,4.0,14.0,0.0,0.0,0.0,0.0,6.0,1.0,13.0,9.0,0.0,0.0,0.0,0.0,0.0,0.0,10.0,13.0,1.0,0.0,0.0,0.0,0.0,0.0,0.0,8.0,10.0,0.0,0.0,0.0,12.0,9.0,4.0,4.0,15.0,0.0,0.0,0.0,1.0,10.0,16.0,15.0,11.0,1.0,0
159,0.0,0.0,0.0,2.0,15.0,5.0,0.0,0.0,0.0,0.0,2.0,4.0,10.0,12.0,0.0,0.0,0.0,3.0,15.0,14.0,10.0,8.0,0.0,0.0,0.0,8.0,15.0,1.0,11.0,4.0,0.0,0.0,0.0,1.0,8.0,15.0,16.0,0.0,0.0,0.0,0.0,0.0,0.0,6.0,16.0,12.0,1.0,0.0,0.0,0.0,0.0,4.0,14.0,15.0,4.0,0.0,0.0,0.0,0.0,2.0,14.0,11.0,0.0,0.0,1
191,0.0,0.0,7.0,14.0,12.0,1.0,0.0,0.0,0.0,7.0,14.0,5.0,8.0,10.0,0.0,0.0,0.0,8.0,11.0,1.0,7.0,10.0,0.0,0.0,0.0,1.0,9.0,16.0,15.0,4.0,0.0,0.0,0.0,0.0,1.0,14.0,14.0,12.0,0.0,0.0,0.0,0.0,7.0,11.0,0.0,12.0,7.0,0.0,0.0,0.0,11.0,5.0,0.0,11.0,8.0,0.0,0.0,0.0,4.0,14.0,16.0,12.0,1.0,0.0,1
328,0.0,0.0,8.0,15.0,16.0,6.0,0.0,0.0,0.0,0.0,13.0,13.0,13.0,13.0,0.0,0.0,0.0,0.0,2.0,6.0,16.0,9.0,0.0,0.0,0.0,0.0,0.0,3.0,16.0,2.0,0.0,0.0,0.0,0.0,0.0,0.0,10.0,10.0,0.0,0.0,0.0,0.0,0.0,0.0,5.0,15.0,0.0,0.0,0.0,0.0,7.0,4.0,11.0,16.0,1.0,0.0,0.0,0.0,7.0,16.0,16.0,8.0,0.0,0.0,0
177,0.0,0.0,1.0,8.0,14.0,14.0,2.0,0.0,0.0,1.0,13.0,16.0,16.0,16.0,5.0,0.0,0.0,7.0,16.0,10.0,10.0,16.0,4.0,0.0,0.0,3.0,16.0,14.0,15.0,12.0,0.0,0.0,0.0,0.0,3.0,12.0,16.0,10.0,0.0,0.0,0.0,0.0,0.0,9.0,16.0,16.0,3.0,0.0,0.0,0.0,0.0,15.0,16.0,16.0,4.0,0.0,0.0,0.0,0.0,11.0,16.0,12.0,2.0,0.0,1
80,0.0,0.0,10.0,16.0,10.0,0.0,0.0,0.0,0.0,8.0,16.0,14.0,16.0,2.0,0.0,0.0,0.0,3.0,15.0,8.0,16.0,3.0,0.0,0.0,0.0,0.0,0.0,11.0,16.0,7.0,0.0,0.0,0.0,0.0,0.0,3.0,10.0,15.0,2.0,0.0,0.0,0.0,10.0,0.0,0.0,14.0,8.0,0.0,0.0,1.0,16.0,6.0,8.0,13.0,8.0,0.0,0.0,1.0,15.0,16.0,13.0,10.0,1.0,0.0,0
253,0.0,1.0,3.0,15.0,15.0,2.0,0.0,0.0,2.0,16.0,16.0,12.0,16.0,6.0,0.0,0.0,1.0,15.0,7.0,6.0,14.0,0.0,0.0,0.0,0.0,5.0,14.0,14.0,10.0,0.0,0.0,0.0,0.0,0.0,7.0,16.0,7.0,0.0,0.0,0.0,0.0,0.0,6.0,15.0,13.0,8.0,0.0,0.0,0.0,0.0,8.0,12.0,7.0,16.0,0.0,0.0,0.0,0.0,4.0,15.0,16.0,14.0,0.0,0.0,1
326,0.0,0.0,0.0,9.0,15.0,9.0,0.0,0.0,0.0,0.0,8.0,15.0,5.0,12.0,2.0,0.0,0.0,0.0,15.0,15.0,3.0,13.0,3.0,0.0,0.0,0.0,11.0,16.0,16.0,13.0,0.0,0.0,0.0,4.0,16.0,10.0,15.0,0.0,0.0,0.0,0.0,3.0,12.0,0.0,8.0,7.0,0.0,0.0,0.0,0.0,12.0,8.0,10.0,11.0,0.0,0.0,0.0,0.0,0.0,9.0,13.0,4.0,0.0,0.0,1
143,0.0,1.0,11.0,15.0,16.0,9.0,0.0,0.0,0.0,3.0,16.0,10.0,10.0,16.0,1.0,0.0,0.0,0.0,2.0,1.0,14.0,11.0,0.0,0.0,0.0,0.0,0.0,14.0,16.0,7.0,0.0,0.0,0.0,0.0,0.0,13.0,16.0,16.0,5.0,0.0,0.0,0.0,0.0,0.0,2.0,16.0,8.0,0.0,0.0,0.0,6.0,8.0,13.0,15.0,5.0,0.0,0.0,0.0,15.0,16.0,12.0,5.0,0.0,0.0,0
207,0.0,0.0,7.0,15.0,16.0,8.0,0.0,0.0,0.0,0.0,16.0,7.0,6.0,15.0,3.0,0.0,0.0,4.0,16.0,0.0,7.0,13.0,4.0,0.0,0.0,0.0,16.0,2.0,8.0,14.0,8.0,0.0,0.0,0.0,12.0,14.0,14.0,7.0,0.0,0.0,0.0,0.0,9.0,16.0,6.0,0.0,0.0,0.0,0.0,0.0,11.0,3.0,14.0,2.0,0.0,0.0,0.0,0.0,5.0,11.0,10.0,10.0,0.0,0.0,1
285,0.0,0.0,12.0,16.0,15.0,1.0,0.0,0.0,0.0,5.0,16.0,10.0,15.0,8.0,0.0,0.0,0.0,1.0,7.0,3.0,14.0,6.0,0.0,0.0,0.0,0.0,0.0,12.0,16.0,7.0,0.0,0.0,0.0,0.0,0.0,3.0,13.0,16.0,6.0,0.0,0.0,0.0,4.0,0.0,0.0,15.0,11.0,0.0,0.0,2.0,16.0,10.0,11.0,16.0,7.0,0.0,0.0,0.0,10.0,16.0,16.0,10.0,1.0,0.0,0
153,0.0,0.0,4.0,15.0,7.0,0.0,0.0,0.0,0.0,1.0,13.0,12.0,16.0,2.0,2.0,0.0,0.0,7.0,11.0,0.0,11.0,12.0,1.0,0.0,0.0,4.0,8.0,6.0,13.0,3.0,0.0,0.0,0.0,3.0,16.0,15.0,1.0,0.0,0.0,0.0,0.0,2.0,16.0,14.0,6.0,0.0,0.0,0.0,0.0,3.0,16.0,10.0,14.0,3.0,0.0,0.0,0.0,0.0,2.0,9.0,12.0,3.0,0.0,0.0,1
232,0.0,1.0,9.0,15.0,16.0,6.0,0.0,0.0,0.0,13.0,15.0,10.0,16.0,11.0,0.0,0.0,0.0,5.0,3.0,4.0,16.0,7.0,0.0,0.0,0.0,0.0,0.0,8.0,16.0,7.0,0.0,0.0,0.0,0.0,0.0,1.0,13.0,15.0,5.0,0.0,0.0,0.0,0.0,0.0,2.0,13.0,11.0,0.0,0.0,0.0,12.0,5.0,3.0,13.0,14.0,0.0,0.0,0.0,10.0,16.0,16.0,14.0,5.0,0.0,0
295,0.0,1.0,11.0,16.0,16.0,4.0,0.0,0.0,0.0,7.0,16.0,8.0,14.0,11.0,0.0,0.0,0.0,0.0,0.0,10.0,16.0,6.0,0.0,0.0,0.0,0.0,0.0,15.0,16.0,6.0,0.0,0.0,0.0,0.0,0.0,0.0,8.0,16.0,2.0,0.0,0.0,1.0,5.0,0.0,0.0,14.0,9.0,0.0,0.0,4.0,16.0,10.0,11.0,16.0,6.0,0.0,0.0,1.0,13.0,16.0,16.0,10.0,0.0,0.0,0
214,0.0,0.0,7.0,14.0,15.0,7.0,0.0,0.0,0.0,6.0,16.0,8.0,7.0,16.0,4.0,0.0,0.0,11.0,6.0,1.0,10.0,14.0,1.0,0.0,0.0,1.0,0.0,4.0,16.0,6.0,0.0,0.0,0.0,0.0,0.0,2.0,11.0,13.0,1.0,0.0,0.0,0.0,0.0,0.0,0.0,11.0,7.0,0.0,0.0,0.0,3.0,4.0,8.0,14.0,3.0,0.0,0.0,0.0,10.0,13.0,12.0,4.0,0.0,0.0,0
27,0.0,0.0,5.0,12.0,13.0,2.0,0.0,0.0,0.0,3.0,16.0,14.0,16.0,13.0,1.0,0.0,0.0,4.0,16.0,9.0,16.0,12.0,1.0,0.0,0.0,1.0,9.0,16.0,15.0,1.0,0.0,0.0,0.0,1.0,13.0,16.0,16.0,5.0,0.0,0.0,0.0,3.0,16.0,5.0,12.0,16.0,0.0,0.0,0.0,3.0,15.0,7.0,14.0,12.0,0.0,0.0,0.0,0.0,6.0,16.0,13.0,3.0,0.0,0.0,1
121,0.0,0.0,0.0,6.0,15.0,6.0,0.0,0.0,0.0,1.0,11.0,13.0,8.0,11.0,0.0,0.0,0.0,9.0,13.0,0.0,9.0,10.0,0.0,0.0,0.0,8.0,9.0,3.0,15.0,3.0,0.0,0.0,0.0,0.0,0.0,5.0,14.0,3.0,0.0,0.0,0.0,0.0,3.0,0.0,5.0,13.0,2.0,0.0,0.0,0.0,9.0,12.0,5.0,10.0,7.0,0.0,0.0,0.0,0.0,6.0,12.0,15.0,5.0,0.0,0
76,0.0,0.0,1.0,13.0,16.0,14.0,4.0,0.0,0.0,2.0,11.0,8.0,4.0,11.0,7.0,0.0,0.0,6.0,16.0,3.0,3.0,13.0,2.0,0.0,0.0,0.0,9.0,14.0,14.0,4.0,0.0,0.0,0.0,0.0,7.0,16.0,10.0,0.0,0.0,0.0,0.0,0.0,12.0,10.0,16.0,1.0,0.0,0.0,0.0,0.0,11.0,10.0,15.0,4.0,0.0,0.0,0.0,0.0,1.0,14.0,15.0,1.0,0.0,0.0,1
294,0.0,0.0,8.0,13.0,11.0,1.0,0.0,0.0,0.0,4.0,15.0,5.0,12.0,6.0,0.0,0.0,0.0,0.0,0.0,0.0,10.0,4.0,0.0,0.0,0.0,0.0,0.0,6.0,16.0,4.0,0.0,0.0,0.0,0.0,0.0,5.0,13.0,15.0,3.0,0.0,0.0,0.0,1.0,0.0,0.0,7.0,12.0,0.0,0.0,1.0,15.0,8.0,7.0,12.0,12.0,0.0,0.0,0.0,6.0,14.0,16.0,15.0,5.0,0.0,0
139,0.0,0.0,2.0,12.0,16.0,10.0,0.0,0.0,0.0,3.0,15.0,10.0,7.0,16.0,4.0,0.0,0.0,9.0,8.0,0.0,11.0,10.0,0.0,0.0,0.0,3.0,15.0,11.0,14.0,1.0,0.0,0.0,0.0,0.0,10.0,16.0,9.0,0.0,0.0,0.0,0.0,0.0,14.0,7.0,13.0,4.0,0.0,0.0,0.0,0.0,9.0,7.0,6.0,10.0,0.0,0.0,0.0,0.0,1.0,12.0,16.0,5.0,0.0,0.0,1
30,0.0,1.0,11.0,12.0,14.0,6.0,0.0,0.0,0.0,1.0,6.0,4.0,8.0,16.0,7.0,0.0,0.0,0.0,0.0,0.0,3.0,16.0,5.0,0.0,0.0,0.0,0.0,2.0,14.0,9.0,0.0,0.0,0.0,0.0,0.0,4.0,16.0,7.0,0.0,0.0,0.0,0.0,0.0,1.0,14.0,13.0,0.0,0.0,0.0,0.0,0.0,1.0,12.0,14.0,0.0,0.0,0.0,5.0,12.0,15.0,9.0,1.0,0.0,0.0,0
341,0.0,0.0,5.0,13.0,16.0,10.0,1.0,0.0,0.0,7.0,16.0,16.0,16.0,16.0,7.0,0.0,0.0,0.0,5.0,2.0,11.0,14.0,5.0,0.0,0.0,0.0,0.0,10.0,15.0,6.0,0.0,0.0,0.0,0.0,9.0,16.0,13.0,2.0,0.0,0.0,0.0,0.0,4.0,11.0,15.0,14.0,0.0,0.0,0.0,0.0,2.0,2.0,13.0,16.0,1.0,0.0,0.0,0.0,5.0,14.0,15.0,9.0,0.0,0.0,0
95,0.0,0.0,9.0,10.0,2.0,0.0,0.0,0.0,0.0,8.0,16.0,16.0,10.0,0.0,0.0,0.0,0.0,7.0,7.0,4.0,16.0,2.0,0.0,0.0,0.0,0.0,0.0,8.0,16.0,5.0,0.0,0.0,0.0,0.0,0.0,10.0,16.0,14.0,2.0,0.0,0.0,0.0,0.0,0.0,2.0,14.0,7.0,0.0,0.0,0.0,11.0,10.0,4.0,11.0,12.0,0.0,0.0,0.0,8.0,14.0,16.0,15.0,6.0,0.0,0
240,0.0,2.0,10.0,15.0,16.0,16.0,14.0,0.0,0.0,7.0,11.0,4.0,6.0,15.0,9.0,0.0,0.0,0.0,0.0,6.0,15.0,12.0,0.0,0.0,0.0,0.0,3.0,16.0,9.0,0.0,0.0,0.0,0.0,0.0,5.0,16.0,8.0,0.0,0.0,0.0,0.0,0.0,0.0,11.0,15.0,2.0,0.0,0.0,0.0,0.0,1.0,6.0,16.0,2.0,0.0,0.0,0.0,1.0,16.0,16.0,6.0,0.0,0.0,0.0,0
293,0.0,2.0,10.0,16.0,16.0,2.0,0.0,0.0,0.0,10.0,15.0,9.0,16.0,4.0,0.0,0.0,0.0,5.0,3.0,6.0,16.0,2.0,0.0,0.0,0.0,0.0,2.0,15.0,16.0,5.0,0.0,0.0,0.0,0.0,1.0,10.0,14.0,16.0,3.0,0.0,0.0,0.0,5.0,1.0,0.0,13.0,10.0,0.0,0.0,0.0,16.0,13.0,10.0,15.0,11.0,0.0,0.0,0.0,11.0,16.0,16.0,13.0,3.0,0.0,0
4,0.0,1.0,8.0,12.0,15.0,14.0,4.0,0.0,0.0,3.0,11.0,8.0,8.0,12.0,12.0,0.0,0.0,0.0,0.0,0.0,2.0,13.0,7.0,0.0,0.0,0.0,0.0,2.0,15.0,12.0,1.0,0.0,0.0,0.0,0.0,0.0,13.0,5.0,0.0,0.0,0.0,0.0,0.0,0.0,9.0,13.0,0.0,0.0,0.0,0.0,7.0,8.0,14.0,15.0,0.0,0.0,0.0,0.0,14.0,15.0,11.0,2.0,0.0,0.0,0
127,0.0,0.0,0.0,3.0,12.0,10.0,0.0,0.0,0.0,0.0,1.0,14.0,6.0,15.0,0.0,0.0,0.0,0.0,0.0,16.0,6.0,10.0,0.0,0.0,0.0,0.0,0.0,14.0,16.0,2.0,0.0,0.0,0.0,0.0,3.0,14.0,15.0,3.0,0.0,0.0,0.0,1.0,16.0,4.0,9.0,9.0,0.0,0.0,0.0,0.0,4.0,13.0,4.0,7.0,8.0,0.0,0.0,0.0,0.0,3.0,10.0,11.0,15.0,2.0,1
6,0.0,0.0,7.0,7.0,13.0,16.0,4.0,0.0,0.0,0.0,13.0,13.0,6.0,12.0,7.0,0.0,0.0,0.0,10.0,4.0,10.0,11.0,1.0,0.0,0.0,0.0,8.0,16.0,10.0,0.0,0.0,0.0,0.0,3.0,14.0,16.0,0.0,0.0,0.0,0.0,0.0,8.0,8.0,11.0,5.0,0.0,0.0,0.0,0.0,4.0,10.0,9.0,8.0,0.0,0.0,0.0,0.0,1.0,11.0,16.0,6.0,0.0,0.0,0.0,1
44,0.0,0.0,0.0,10.0,12.0,3.0,0.0,0.0,0.0,0.0,8.0,16.0,15.0,14.0,0.0,0.0,0.0,0.0,5.0,16.0,10.0,16.0,1.0,0.0,0.0,0.0,5.0,16.0,16.0,10.0,1.0,0.0,0.0,1.0,16.0,12.0,16.0,8.0,0.0,0.0,0.0,1.0,16.0,3.0,4.0,16.0,4.0,0.0,0.0,0.0,12.0,11.0,4.0,16.0,9.0,0.0,0.0,0.0,2.0,10.0,14.0,13.0,4.0,0.0,1
16,0.0,0.0,13.0,16.0,15.0,4.0,0.0,0.0,0.0,0.0,9.0,8.0,13.0,16.0,3.0,0.0,0.0,0.0,0.0,0.0,13.0,16.0,7.0,0.0,0.0,0.0,0.0,1.0,16.0,12.0,0.0,0.0,0.0,0.0,0.0,0.0,15.0,10.0,0.0,0.0,0.0,0.0,0.0,0.0,8.0,15.0,0.0,0.0,0.0,0.0,3.0,6.0,15.0,16.0,7.0,0.0,0.0,0.0,15.0,16.0,16.0,11.0,1.0,0.0,0
229,0.0,1.0,14.0,16.0,16.0,11.0,2.0,0.0,0.0,0.0,14.0,9.0,2.0,10.0,11.0,0.0,0.0,0.0,5.0,16.0,5.0,14.0,5.0,0.0,0.0,0.0,0.0,12.0,16.0,16.0,5.0,0.0,0.0,0.0,7.0,14.0,14.0,8.0,0.0,0.0,0.0,1.0,14.0,3.0,6.0,11.0,0.0,0.0,0.0,4.0,8.0,0.0,8.0,11.0,0.0,0.0,0.0,2.0,13.0,12.0,15.0,2.0,0.0,0.0,1
10,0.0,1.0,10.0,15.0,11.0,1.0,0.0,0.0,0.0,3.0,8.0,8.0,11.0,12.0,0.0,0.0,0.0,0.0,0.0,5.0,14.0,15.0,1.0,0.0,0.0,0.0,0.0,11.0,15.0,2.0,0.0,0.0,0.0,0.0,0.0,4.0,15.0,2.0,0.0,0.0,0.0,0.0,0.0,0.0,12.0,10.0,0.0,0.0,0.0,0.0,3.0,4.0,10.0,16.0,1.0,0.0,0.0,0.0,13.0,16.0,15.0,10.0,0.0,0.0,0
79,0.0,0.0,1.0,6.0,8.0,9.0,3.0,0.0,0.0,0.0,13.0,15.0,12.0,11.0,7.0,0.0,0.0,0.0,13.0,11.0,0.0,9.0,7.0,0.0,0.0,0.0,5.0,15.0,15.0,15.0,0.0,0.0,0.0,0.0,1.0,14.0,16.0,16.0,0.0,0.0,0.0,0.0,11.0,9.0,0.0,16.0,1.0,0.0,0.0,0.0,9.0,10.0,10.0,13.0,0.0,0.0,0.0,0.0,3.0,11.0,9.0,2.0,0.0,0.0,1
75,0.0,0.0,3.0,12.0,15.0,14.0,3.0,0.0,0.0,1.0,16.0,5.0,0.0,8.0,12.0,0.0,0.0,6.0,16.0,11.0,2.0,13.0,7.0,0.0,0.0,2.0,9.0,15.0,16.0,4.0,0.0,0.0,0.0,0.0,3.0,14.0,16.0,7.0,0.0,0.0,0.0,0.0,9.0,5.0,6.0,15.0,0.0,0.0,0.0,0.0,11.0,10.0,7.0,16.0,2.0,0.0,0.0,0.0,3.0,12.0,16.0,13.0,0.0,0.0,1
202,0.0,0.0,14.0,16.0,15.0,3.0,0.0,0.0,0.0,0.0,6.0,5.0,13.0,8.0,0.0,0.0,0.0,0.0,0.0,8.0,16.0,5.0,0.0,0.0,0.0,0.0,0.0,11.0,16.0,10.0,0.0,0.0,0.0,1.0,3.0,0.0,4.0,15.0,8.0,0.0,0.0,6.0,15.0,0.0,0.0,9.0,15.0,0.0,0.0,5.0,16.0,5.0,6.0,14.0,14.0,0.0,0.0,1.0,11.0,16.0,16.0,14.0,2.0,0.0,0
325,0.0,0.0,6.0,15.0,15.0,4.0,0.0,0.0,0.0,6.0,16.0,16.0,16.0,14.0,0.0,0.0,0.0,7.0,16.0,14.0,16.0,13.0,0.0,0.0,0.0,0.0,3.0,7.0,16.0,6.0,0.0,0.0,0.0,0.0,0.0,2.0,16.0,9.0,0.0,0.0,0.0,0.0,0.0,0.0,14.0,15.0,0.0,0.0,0.0,0.0,7.0,10.0,16.0,14.0,0.0,0.0,0.0,0.0,7.0,15.0,15.0,4.0,0.0,0.0,0
235,0.0,0.0,10.0,16.0,16.0,8.0,0.0,0.0,0.0,5.0,16.0,6.0,7.0,14.0,0.0,0.0,0.0,3.0,16.0,3.0,13.0,9.0,0.0,0.0,0.0,0.0,13.0,15.0,9.0,0.0,0.0,0.0,0.0,0.0,10.0,16.0,1.0,0.0,0.0,0.0,0.0,0.0,16.0,15.0,6.0,0.0,0.0,0.0,0.0,1.0,15.0,12.0,11.0,0.0,0.0,0.0,0.0,0.0,5.0,16.0,10.0,0.0,0.0,0.0,1
265,0.0,0.0,3.0,15.0,13.0,2.0,0.0,0.0,0.0,0.0,10.0,16.0,12.0,13.0,0.0,0.0,0.0,0.0,13.0,13.0,9.0,14.0,0.0,0.0,0.0,0.0,6.0,15.0,15.0,11.0,0.0,0.0,0.0,0.0,4.0,16.0,14.0,1.0,0.0,0.0,0.0,0.0,11.0,14.0,15.0,5.0,0.0,0.0,0.0,0.0,9.0,10.0,14.0,9.0,0.0,0.0,0.0,0.0,4.0,16.0,15.0,2.0,0.0,0.0,1
230,0.0,3.0,14.0,5.0,0.0,0.0,0.0,0.0,0.0,2.0,15.0,15.0,3.0,1.0,1.0,0.0,0.0,0.0,6.0,16.0,4.0,13.0,8.0,0.0,0.0,0.0,0.0,14.0,14.0,13.0,1.0,0.0,0.0,0.0,2.0,15.0,13.0,1.0,0.0,0.0,0.0,1.0,14.0,8.0,15.0,0.0,0.0,0.0,0.0,5.0,12.0,0.0,12.0,3.0,0.0,0.0,0.0,2.0,14.0,13.0,15.0,3.0,0.0,0.0,1
353,0.0,0.0,8.0,16.0,3.0,0.0,1.0,0.0,0.0,0.0,16.0,14.0,5.0,14.0,12.0,0.0,0.0,0.0,8.0,16.0,16.0,9.0,0.0,0.0,0.0,0.0,3.0,16.0,14.0,1.0,0.0,0.0,0.0,0.0,12.0,16.0,16.0,2.0,0.0,0.0,0.0,0.0,16.0,11.0,16.0,4.0,0.0,0.0,0.0,3.0,16.0,16.0,16.0,6.0,0.0,0.0,0.0,0.0,10.0,16.0,10.0,1.0,0.0,0.0,1
84,0.0,0.0,4.0,15.0,13.0,3.0,0.0,0.0,0.0,1.0,16.0,13.0,16.0,15.0,1.0,0.0,0.0,6.0,15.0,0.0,4.0,16.0,4.0,0.0,0.0,3.0,15.0,14.0,16.0,14.0,0.0,0.0,0.0,0.0,4.0,16.0,16.0,11.0,0.0,0.0,0.0,0.0,11.0,12.0,8.0,16.0,5.0,0.0,0.0,0.0,16.0,10.0,12.0,16.0,3.0,0.0,0.0,0.0,7.0,16.0,13.0,7.0,0.0,0.0,1
310,0.0,0.0,1.0,8.0,13.0,1.0,0.0,0.0,0.0,0.0,6.0,16.0,16.0,9.0,0.0,0.0,0.0,1.0,15.0,16.0,16.0,10.0,0.0,0.0,0.0,6.0,15.0,14.0,6.0,0.0,0.0,0.0,0.0,3.0,7.0,6.0,6.0,0.0,0.0,0.0,0.0,1.0,10.0,2.0,11.0,0.0,0.0,0.0,0.0,0.0,4.0,11.0,13.0,2.0,0.0,0.0,0.0,0.0,0.0,5.0,12.0,5.0,0.0,0.0,1
52,0.0,0.0,10.0,16.0,10.0,1.0,0.0,0.0,0.0,6.0,14.0,6.0,16.0,3.0,0.0,0.0,0.0,5.0,4.0,5.0,15.0,0.0,0.0,0.0,0.0,0.0,0.0,12.0,14.0,1.0,0.0,0.0,0.0,0.0,0.0,3.0,11.0,15.0,1.0,0.0,0.0,0.0,0.0,0.0,0.0,10.0,8.0,0.0,0.0,0.0,9.0,8.0,8.0,15.0,6.0,0.0,0.0,0.0,9.0,15.0,15.0,9.0,0.0,0.0,0
216,0.0,0.0,11.0,16.0,16.0,10.0,0.0,0.0,1.0,14.0,16.0,9.0,11.0,16.0,1.0,0.0,1.0,14.0,3.0,0.0,12.0,14.0,0.0,0.0,0.0,0.0,0.0,6.0,16.0,7.0,0.0,0.0,0.0,0.0,0.0,0.0,8.0,16.0,5.0,0.0,0.0,0.0,0.0,0.0,0.0,12.0,10.0,0.0,0.0,0.0,2.0,4.0,5.0,14.0,13.0,0.0,0.0,0.0,11.0,16.0,16.0,16.0,4.0,0.0,0
43,0.0,1.0,12.0,12.0,13.0,8.0,1.0,0.0,0.0,0.0,8.0,9.0,15.0,16.0,2.0,0.0,0.0,0.0,0.0,3.0,16.0,10.0,0.0,0.0,0.0,0.0,0.0,7.0,16.0,6.0,0.0,0.0,0.0,0.0,0.0,5.0,16.0,10.0,0.0,0.0,0.0,0.0,0.0,0.0,7.0,16.0,7.0,0.0,0.0,0.0,3.0,8.0,15.0,13.0,2.0,0.0,0.0,2.0,14.0,16.0,10.0,1.0,0.0,0.0,0
312,0.0,0.0,10.0,16.0,15.0,7.0,0.0,0.0,0.0,6.0,16.0,6.0,10.0,16.0,2.0,0.0,0.0,8.0,6.0,5.0,15.0,12.0,0.0,0.0,0.0,0.0,0.0,13.0,16.0,2.0,0.0,0.0,0.0,0.0,0.0,5.0,16.0,4.0,0.0,0.0,0.0,0.0,0.0,0.0,10.0,16.0,0.0,0.0,0.0,0.0,0.0,1.0,11.0,16.0,1.0,0.0,0.0,0.0,11.0,16.0,16.0,8.0,1.0,0.0,0
271,0.0,0.0,10.0,16.0,16.0,10.0,1.0,0.0,0.0,4.0,16.0,11.0,11.0,16.0,3.0,0.0,0.0,1.0,9.0,1.0,10.0,15.0,1.0,0.0,0.0,0.0,0.0,5.0,16.0,10.0,0.0,0.0,0.0,0.0,0.0,0.0,7.0,15.0,10.0,0.0,0.0,0.0,0.0,0.0,0.0,7.0,16.0,0.0,0.0,2.0,12.0,7.0,4.0,14.0,15.0,1.0,0.0,0.0,11.0,16.0,16.0,15.0,4.0,0.0,0
93,0.0,0.0,7.0,13.0,11.0,0.0,0.0,0.0,0.0,6.0,16.0,11.0,16.0,0.0,0.0,0.0,0.0,3.0,8.0,5.0,16.0,0.0,0.0,0.0,0.0,0.0,3.0,15.0,16.0,6.0,0.0,0.0,0.0,0.0,0.0,7.0,8.0,16.0,5.0,0.0,0.0,6.0,8.0,0.0,0.0,11.0,9.0,0.0,0.0,0.0,16.0,6.0,6.0,14.0,6.0,0.0,0.0,0.0,6.0,15.0,16.0,10.0,0.0,0.0,0
241,0.0,0.0,5.0,12.0,16.0,10.0,0.0,0.0,0.0,6.0,16.0,13.0,3.0,15.0,1.0,0.0,0.0,11.0,8.0,5.0,5.0,10.0,0.0,0.0,0.0,4.0,11.0,2.0,12.0,2.0,0.0,0.0,0.0,0.0,6.0,16.0,6.0,0.0,0.0,0.0,0.0,0.0,2.0,15.0,8.0,0.0,0.0,0.0,0.0,0.0,8.0,13.0,8.0,0.0,0.0,0.0,0.0,0.0,5.0,15.0,4.0,0.0,0.0,0.0,1
12,0.0,0.0,14.0,16.0,14.0,6.0,0.0,0.0,0.0,0.0,7.0,10.0,16.0,16.0,3.0,0.0,0.0,0.0,0.0,5.0,16.0,16.0,1.0,0.0,0.0,0.0,0.0,2.0,16.0,8.0,0.0,0.0,0.0,0.0,0.0,0.0,12.0,13.0,1.0,0.0,0.0,0.0,0.0,0.0,4.0,16.0,7.0,0.0,0.0,0.0,5.0,9.0,14.0,16.0,7.0,0.0,0.0,0.0,13.0,16.0,16.0,10.0,1.0,0.0,0
266,0.0,0.0,9.0,16.0,16.0,12.0,0.0,0.0,0.0,2.0,16.0,8.0,9.0,16.0,0.0,0.0,0.0,1.0,8.0,0.0,13.0,14.0,0.0,0.0,0.0,0.0,0.0,13.0,16.0,5.0,0.0,0.0,0.0,0.0,0.0,8.0,14.0,15.0,5.0,0.0,0.0,0.0,0.0,0.0,0.0,9.0,14.0,0.0,0.0,0.0,9.0,6.0,0.0,11.0,15.0,0.0,0.0,0.0,8.0,16.0,16.0,16.0,6.0,0.0,0
81,0.0,0.0,5.0,11.0,8.0,7.0,0.0,0.0,0.0,3.0,16.0,11.0,9.0,16.0,4.0,0.0,0.0,0.0,14.0,3.0,7.0,15.0,0.0,0.0,0.0,0.0,5.0,15.0,15.0,3.0,0.0,0.0,0.0,0.0,10.0,15.0,14.0,1.0,0.0,0.0,0.0,4.0,13.0,0.0,9.0,7.0,0.0,0.0,0.0,3.0,11.0,5.0,13.0,7.0,0.0,0.0,0.0,0.0,6.0,10.0,6.0,0.0,0.0,0.0,1
156,0.0,1.0,13.0,16.0,12.0,1.0,0.0,0.0,0.0,1.0,9.0,5.0,16.0,1.0,0.0,0.0,0.0,0.0,0.0,9.0,5.0,0.0,0.0,0.0,0.0,0.0,9.0,10.0,0.0,0.0,0.0,0.0,0.0,0.0,8.0,15.0,16.0,11.0,1.0,0.0,0.0,0.0,0.0,0.0,2.0,12.0,7.0,0.0,0.0,0.0,2.0,4.0,6.0,15.0,3.0,0.0,0.0,0.0,14.0,16.0,11.0,5.0,0.0,0.0,0
51,0.0,0.0,5.0,14.0,15.0,2.0,0.0,0.0,0.0,0.0,13.0,14.0,9.0,10.0,0.0,0.0,0.0,0.0,15.0,8.0,2.0,15.0,3.0,0.0,0.0,0.0,11.0,12.0,9.0,14.0,2.0,0.0,0.0,0.0,7.0,16.0,14.0,2.0,0.0,0.0,0.0,0.0,13.0,14.0,16.0,4.0,0.0,0.0,0.0,3.0,15.0,8.0,14.0,10.0,0.0,0.0,0.0,0.0,6.0,16.0,16.0,8.0,0.0,0.0,1
74,0.0,0.0,4.0,11.0,14.0,4.0,0.0,0.0,0.0,5.0,13.0,4.0,9.0,7.0,0.0,0.0,0.0,7.0,10.0,10.0,13.0,2.0,0.0,0.0,0.0,1.0,9.0,16.0,15.0,2.0,0.0,0.0,0.0,0.0,8.0,7.0,9.0,12.0,0.0,0.0,0.0,0.0,12.0,0.0,1.0,14.0,5.0,0.0,0.0,0.0,11.0,6.0,0.0,7.0,8.0,0.0,0.0,0.0,2.0,15.0,16.0,15.0,4.0,0.0,1
168,0.0,0.0,7.0,16.0,16.0,16.0,10.0,0.0,0.0,0.0,10.0,10.0,5.0,12.0,16.0,2.0,0.0,0.0,0.0,0.0,7.0,15.0,6.0,0.0,0.0,0.0,1.0,13.0,16.0,13.0,0.0,0.0,0.0,0.0,0.0,7.0,12.0,16.0,6.0,0.0,0.0,0.0,0.0,0.0,2.0,16.0,6.0,0.0,0.0,0.0,2.0,9.0,11.0,14.0,1.0,0.0,0.0,0.0,5.0,16.0,15.0,5.0,0.0,0.0,0
306,0.0,0.0,2.0,11.0,14.0,12.0,3.0,0.0,0.0,0.0,14.0,14.0,9.0,15.0,8.0,0.0,0.0,5.0,12.0,0.0,5.0,15.0,2.0,0.0,0.0,3.0,16.0,11.0,15.0,3.0,0.0,0.0,0.0,0.0,1.0,14.0,16.0,4.0,0.0,0.0,0.0,0.0,0.0,15.0,5.0,15.0,0.0,0.0,0.0,0.0,1.0,16.0,10.0,11.0,0.0,0.0,0.0,0.0,0.0,15.0,13.0,2.0,0.0,0.0,1
195,0.0,0.0,7.0,16.0,12.0,1.0,0.0,0.0,0.0,0.0,16.0,11.0,16.0,8.0,0.0,0.0,0.0,0.0,3.0,9.0,16.0,6.0,0.0,0.0,0.0,0.0,0.0,13.0,16.0,15.0,1.0,0.0,0.0,0.0,1.0,2.0,5.0,14.0,8.0,0.0,0.0,5.0,14.0,0.0,0.0,9.0,15.0,0.0,0.0,4.0,16.0,7.0,6.0,13.0,14.0,0.0,0.0,0.0,7.0,16.0,16.0,16.0,4.0,0.0,0
209,0.0,0.0,14.0,16.0,8.0,0.0,0.0,0.0,0.0,0.0,16.0,4.0,13.0,8.0,8.0,0.0,0.0,0.0,12.0,7.0,12.0,14.0,5.0,0.0,0.0,0.0,4.0,15.0,16.0,5.0,0.0,0.0,0.0,0.0,0.0,14.0,14.0,0.0,0.0,0.0,0.0,0.0,8.0,10.0,11.0,2.0,0.0,0.0,0.0,0.0,13.0,0.0,12.0,3.0,0.0,0.0,0.0,0.0,14.0,15.0,12.0,1.0,0.0,0.0,1
322,0.0,0.0,0.0,10.0,16.0,7.0,0.0,0.0,0.0,0.0,2.0,15.0,4.0,14.0,2.0,0.0,0.0,0.0,0.0,13.0,8.0,16.0,0.0,0.0,0.0,0.0,0.0,10.0,16.0,14.0,1.0,0.0,0.0,0.0,8.0,16.0,16.0,7.0,0.0,0.0,0.0,1.0,15.0,6.0,8.0,12.0,0.0,0.0,0.0,1.0,13.0,5.0,12.0,9.0,0.0,0.0,0.0,0.0,1.0,11.0,15.0,6.0,0.0,0.0,1
252,0.0,4.0,13.0,16.0,16.0,15.0,3.0,0.0,0.0,10.0,12.0,7.0,8.0,16.0,8.0,0.0,0.0,0.0,0.0,1.0,12.0,15.0,2.0,0.0,0.0,0.0,0.0,4.0,16.0,10.0,0.0,0.0,0.0,0.0,0.0,8.0,16.0,4.0,0.0,0.0,0.0,0.0,0.0,1.0,16.0,10.0,0.0,0.0,0.0,5.0,7.0,4.0,15.0,13.0,0.0,0.0,0.0,5.0,16.0,16.0,16.0,7.0,0.0,0.0,0
276,0.0,0.0,6.0,12.0,13.0,7.0,0.0,0.0,0.0,0.0,16.0,10.0,16.0,12.0,0.0,0.0,0.0,0.0,13.0,7.0,16.0,9.0,0.0,0.0,0.0,0.0,1.0,15.0,13.0,0.0,0.0,0.0,0.0,0.0,2.0,16.0,13.0,0.0,0.0,0.0,0.0,0.0,10.0,7.0,10.0,2.0,0.0,0.0,0.0,0.0,13.0,4.0,13.0,3.0,0.0,0.0,0.0,0.0,7.0,15.0,9.0,0.0,0.0,0.0,1
131,0.0,0.0,4.0,11.0,15.0,2.0,0.0,0.0,0.0,2.0,16.0,9.0,8.0,9.0,0.0,0.0,0.0,4.0,15.0,0.0,5.0,16.0,3.0,0.0,0.0,0.0,11.0,11.0,16.0,9.0,0.0,0.0,0.0,0.0,4.0,16.0,15.0,1.0,0.0,0.0,0.0,0.0,13.0,9.0,6.0,12.0,1.0,0.0,0.0,0.0,15.0,3.0,0.0,9.0,5.0,0.0,0.0,0.0,5.0,13.0,13.0,12.0,5.0,0.0,1
35,0.0,0.0,5.0,15.0,13.0,3.0,0.0,0.0,0.0,0.0,12.0,15.0,12.0,14.0,0.0,0.0,0.0,0.0,12.0,12.0,14.0,14.0,0.0,0.0,0.0,0.0,3.0,16.0,14.0,3.0,0.0,0.0,0.0,0.0,9.0,14.0,15.0,3.0,0.0,0.0,0.0,1.0,15.0,5.0,8.0,12.0,1.0,0.0,0.0,0.0,16.0,4.0,4.0,16.0,4.0,0.0,0.0,0.0,5.0,16.0,16.0,12.0,2.0,0.0,1
37,0.0,2.0,15.0,15.0,6.0,0.0,0.0,0.0,0.0,0.0,10.0,13.0,16.0,5.0,0.0,0.0,0.0,0.0,0.0,2.0,16.0,9.0,0.0,0.0,0.0,0.0,0.0,3.0,16.0,11.0,0.0,0.0,0.0,0.0,0.0,0.0,13.0,14.0,1.0,0.0,0.0,0.0,0.0,0.0,7.0,16.0,5.0,0.0,0.0,1.0,4.0,6.0,13.0,15.0,1.0,0.0,0.0,3.0,15.0,14.0,11.0,2.0,0.0,0.0,0
198,0.0,0.0,6.0,14.0,13.0,3.0,0.0,0.0,0.0,0.0,12.0,2.0,3.0,14.0,0.0,0.0,0.0,0.0,0.0,0.0,8.0,13.0,0.0,0.0,0.0,0.0,0.0,12.0,16.0,3.0,0.0,0.0,0.0,0.0,0.0,0.0,8.0,13.0,1.0,0.0,0.0,1.0,7.0,0.0,0.0,7.0,11.0,0.0,0.0,3.0,13.0,2.0,0.0,7.0,13.0,0.0,0.0,0.0,5.0,14.0,14.0,15.0,6.0,0.0,0
305,0.0,0.0,1.0,8.0,15.0,11.0,3.0,0.0,0.0,0.0,11.0,12.0,9.0,14.0,11.0,0.0,0.0,2.0,14.0,0.0,0.0,13.0,6.0,0.0,0.0,7.0,15.0,8.0,12.0,9.0,0.0,0.0,0.0,0.0,6.0,13.0,16.0,8.0,0.0,0.0,0.0,0.0,0.0,13.0,9.0,15.0,4.0,0.0,0.0,0.0,0.0,16.0,8.0,14.0,3.0,0.0,0.0,0.0,0.0,11.0,15.0,8.0,0.0,0.0,1
337,0.0,0.0,7.0,14.0,11.0,0.0,0.0,0.0,0.0,1.0,16.0,13.0,2.0,2.0,1.0,0.0,0.0,3.0,16.0,9.0,4.0,13.0,4.0,0.0,0.0,0.0,7.0,16.0,16.0,14.0,0.0,0.0,0.0,0.0,11.0,16.0,16.0,9.0,0.0,0.0,0.0,0.0,16.0,9.0,10.0,15.0,0.0,0.0,0.0,1.0,16.0,2.0,5.0,16.0,4.0,0.0,0.0,0.0,7.0,15.0,16.0,16.0,3.0,0.0,1
221,0.0,1.0,10.0,14.0,13.0,4.0,0.0,0.0,0.0,12.0,11.0,5.0,8.0,14.0,0.0,0.0,0.0,8.0,3.0,2.0,12.0,8.0,0.0,0.0,0.0,0.0,3.0,15.0,15.0,4.0,0.0,0.0,0.0,0.0,1.0,4.0,7.0,14.0,5.0,0.0,0.0,0.0,0.0,0.0,0.0,7.0,12.0,0.0,0.0,0.0,0.0,0.0,1.0,11.0,11.0,0.0,0.0,0.0,12.0,16.0,16.0,9.0,1.0,0.0,0
160,0.0,2.0,11.0,14.0,10.0,1.0,0.0,0.0,0.0,6.0,12.0,8.0,15.0,10.0,0.0,0.0,0.0,0.0,0.0,0.0,10.0,11.0,0.0,0.0,0.0,0.0,0.0,8.0,14.0,2.0,0.0,0.0,0.0,0.0,0.0,7.0,16.0,15.0,1.0,0.0,0.0,0.0,0.0,0.0,2.0,13.0,8.0,0.0,0.0,2.0,5.0,1.0,2.0,12.0,7.0,0.0,0.0,1.0,12.0,16.0,16.0,10.0,0.0,0.0,0
242,0.0,2.0,9.0,15.0,16.0,15.0,2.0,0.0,0.0,11.0,11.0,5.0,9.0,16.0,3.0,0.0,0.0,0.0,0.0,0.0,9.0,12.0,0.0,0.0,0.0,0.0,0.0,0.0,6.0,15.0,1.0,0.0,0.0,0.0,0.0,0.0,0.0,14.0,9.0,0.0,0.0,0.0,0.0,0.0,0.0,12.0,12.0,0.0,0.0,0.0,5.0,3.0,6.0,15.0,7.0,0.0,0.0,0.0,12.0,16.0,15.0,9.0,1.0,0.0,0
311,0.0,0.0,3.0,11.0,13.0,15.0,3.0,0.0,0.0,4.0,16.0,14.0,11.0,16.0,8.0,0.0,0.0,2.0,5.0,0.0,14.0,15.0,1.0,0.0,0.0,0.0,0.0,0.0,16.0,11.0,0.0,0.0,0.0,0.0,0.0,0.0,11.0,10.0,0.0,0.0,0.0,0.0,0.0,0.0,8.0,12.0,0.0,0.0,0.0,0.0,8.0,11.0,15.0,8.0,0.0,0.0,0.0,0.0,2.0,12.0,14.0,3.0,0.0,0.0,0
111,0.0,0.0,0.0,9.0,16.0,9.0,0.0,0.0,0.0,0.0,3.0,15.0,5.0,16.0,0.0,0.0,0.0,0.0,7.0,12.0,7.0,12.0,0.0,0.0,0.0,0.0,1.0,16.0,16.0,5.0,0.0,0.0,0.0,0.0,2.0,16.0,14.0,1.0,0.0,0.0,0.0,3.0,16.0,8.0,9.0,11.0,0.0,0.0,0.0,0.0,12.0,13.0,4.0,12.0,8.0,0.0,0.0,0.0,0.0,8.0,14.0,16.0,14.0,0.0,1
40,0.0,0.0,10.0,13.0,0.0,0.0,0.0,0.0,0.0,0.0,14.0,15.0,11.0,0.0,0.0,0.0,0.0,0.0,12.0,9.0,16.0,8.0,2.0,0.0,0.0,0.0,5.0,14.0,16.0,11.0,1.0,0.0,0.0,0.0,3.0,16.0,10.0,0.0,0.0,0.0,0.0,0.0,12.0,11.0,16.0,0.0,0.0,0.0,0.0,1.0,16.0,7.0,16.0,5.0,0.0,0.0,0.0,0.0,11.0,16.0,13.0,1.0,0.0,0.0,1
21,0.0,0.0,4.0,9.0,13.0,5.0,0.0,0.0,0.0,1.0,16.0,16.0,12.0,11.0,0.0,0.0,0.0,0.0,11.0,8.0,5.0,16.0,0.0,0.0,0.0,0.0,7.0,10.0,13.0,10.0,0.0,0.0,0.0,0.0,4.0,16.0,13.0,0.0,0.0,0.0,0.0,0.0,13.0,15.0,12.0,0.0,0.0,0.0,0.0,0.0,11.0,9.0,14.0,5.0,0.0,0.0,0.0,0.0,0.0,10.0,16.0,8.0,0.0,0.0,1
77,0.0,1.0,9.0,15.0,16.0,9.0,0.0,0.0,0.0,6.0,12.0,1.0,2.0,16.0,0.0,0.0,0.0,0.0,1.0,0.0,8.0,14.0,0.0,0.0,0.0,0.0,0.0,10.0,15.0,3.0,0.0,0.0,0.0,0.0,0.0,7.0,15.0,5.0,0.0,0.0,0.0,0.0,0.0,0.0,4.0,13.0,2.0,0.0,0.0,2.0,7.0,4.0,4.0,14.0,3.0,0.0,0.0,0.0,9.0,16.0,16.0,10.0,0.0,0.0,0
106,0.0,0.0,3.0,10.0,15.0,6.0,0.0,0.0,0.0,4.0,16.0,9.0,4.0,16.0,2.0,0.0,0.0,8.0,14.0,0.0,9.0,10.0,0.0,0.0,0.0,1.0,4.0,7.0,16.0,2.0,0.0,0.0,0.0,0.0,0.0,2.0,15.0,7.0,0.0,0.0,0.0,0.0,0.0,0.0,1.0,14.0,1.0,0.0,0.0,0.0,12.0,8.0,1.0,11.0,7.0,0.0,0.0,0.0,6.0,8.0,16.0,15.0,5.0,0.0,0
62,0.0,2.0,11.0,16.0,15.0,2.0,0.0,0.0,0.0,12.0,15.0,12.0,16.0,4.0,0.0,0.0,0.0,3.0,3.0,6.0,16.0,2.0,0.0,0.0,0.0,0.0,2.0,15.0,12.0,0.0,0.0,0.0,0.0,0.0,3.0,16.0,16.0,12.0,1.0,0.0,0.0,0.0,0.0,1.0,6.0,15.0,10.0,0.0,0.0,0.0,6.0,12.0,8.0,14.0,11.0,0.0,0.0,1.0,16.0,16.0,16.0,11.0,3.0,0.0,0
45,0.0,2.0,11.0,16.0,16.0,8.0,1.0,0.0,0.0,2.0,12.0,9.0,9.0,16.0,10.0,0.0,0.0,0.0,0.0,0.0,4.0,16.0,9.0,0.0,0.0,0.0,0.0,2.0,15.0,16.0,0.0,0.0,0.0,0.0,0.0,3.0,16.0,14.0,0.0,0.0,0.0,0.0,0.0,0.0,13.0,16.0,3.0,0.0,0.0,0.0,4.0,11.0,16.0,8.0,0.0,0.0,0.0,3.0,15.0,12.0,4.0,0.0,0.0,0.0,0
292,0.0,0.0,0.0,4.0,14.0,14.0,1.0,0.0,0.0,0.0,3.0,14.0,12.0,10.0,4.0,0.0,0.0,3.0,13.0,4.0,0.0,8.0,6.0,0.0,0.0,3.0,15.0,9.0,2.0,15.0,1.0,0.0,0.0,0.0,2.0,10.0,16.0,13.0,0.0,0.0,0.0,0.0,0.0,0.0,12.0,14.0,4.0,0.0,0.0,0.0,0.0,2.0,12.0,9.0,3.0,0.0,0.0,0.0,0.0,2.0,16.0,14.0,0.0,0.0,1
163,0.0,0.0,2.0,10.0,14.0,9.0,0.0,0.0,0.0,2.0,14.0,11.0,12.0,16.0,0.0,0.0,0.0,4.0,16.0,1.0,0.0,15.0,0.0,0.0,0.0,2.0,13.0,12.0,7.0,13.0,0.0,0.0,0.0,0.0,1.0,8.0,16.0,12.0,0.0,0.0,0.0,0.0,0.0,4.0,14.0,15.0,4.0,0.0,0.0,0.0,0.0,13.0,7.0,14.0,4.0,0.0,0.0,0.0,0.0,14.0,15.0,10.0,0.0,0.0,1
279,0.0,0.0,8.0,15.0,14.0,7.0,0.0,0.0,0.0,0.0,12.0,16.0,14.0,16.0,0.0,0.0,0.0,0.0,3.0,15.0,14.0,14.0,1.0,0.0,0.0,0.0,0.0,11.0,16.0,1.0,0.0,0.0,0.0,0.0,5.0,14.0,14.0,4.0,0.0,0.0,0.0,0.0,12.0,6.0,8.0,8.0,0.0,0.0,0.0,1.0,16.0,2.0,9.0,7.0,0.0,0.0,0.0,0.0,9.0,16.0,11.0,1.0,0.0,0.0,1
308,0.0,0.0,1.0,10.0,11.0,2.0,0.0,0.0,0.0,0.0,12.0,12.0,8.0,15.0,4.0,0.0,0.0,6.0,11.0,0.0,1.0,12.0,7.0,0.0,0.0,4.0,16.0,7.0,15.0,12.0,0.0,0.0,0.0,0.0,5.0,15.0,15.0,3.0,0.0,0.0,0.0,0.0,0.0,14.0,7.0,14.0,0.0,0.0,0.0,0.0,4.0,12.0,7.0,10.0,0.0,0.0,0.0,0.0,1.0,16.0,16.0,3.0,0.0,0.0,1
91,0.0,0.0,5.0,14.0,9.0,0.0,0.0,0.0,0.0,1.0,16.0,13.0,16.0,0.0,0.0,0.0,0.0,2.0,13.0,10.0,14.0,0.0,0.0,0.0,0.0,0.0,4.0,16.0,16.0,7.0,0.0,0.0,0.0,0.0,2.0,4.0,5.0,16.0,4.0,0.0,0.0,0.0,0.0,0.0,0.0,14.0,7.0,0.0,0.0,0.0,11.0,8.0,8.0,16.0,4.0,0.0,0.0,0.0,8.0,13.0,15.0,10.0,0.0,0.0,0
190,0.0,1.0,10.0,16.0,15.0,1.0,0.0,0.0,0.0,3.0,15.0,10.0,16.0,4.0,0.0,0.0,0.0,0.0,1.0,11.0,15.0,0.0,0.0,0.0,0.0,0.0,12.0,16.0,15.0,3.0,0.0,0.0,0.0,0.0,0.0,1.0,11.0,15.0,1.0,0.0,0.0,8.0,3.0,0.0,3.0,16.0,7.0,0.0,0.0,13.0,15.0,6.0,8.0,16.0,6.0,0.0,0.0,0.0,12.0,16.0,16.0,7.0,0.0,0.0,0
203,0.0,0.0,10.0,16.0,8.0,0.0,0.0,0.0,0.0,7.0,13.0,4.0,14.0,7.0,0.0,0.0,0.0,7.0,13.0,2.0,7.0,8.0,0.0,0.0,0.0,0.0,7.0,16.0,16.0,5.0,0.0,0.0,0.0,1.0,12.0,13.0,15.0,6.0,0.0,0.0,0.0,3.0,16.0,2.0,4.0,13.0,6.0,0.0,0.0,4.0,16.0,4.0,1.0,11.0,12.0,0.0,0.0,0.0,7.0,15.0,16.0,14.0,2.0,0.0,1
148,0.0,0.0,4.0,14.0,14.0,0.0,0.0,0.0,0.0,5.0,16.0,16.0,16.0,5.0,1.0,0.0,0.0,9.0,13.0,0.0,13.0,16.0,2.0,0.0,0.0,3.0,16.0,13.0,15.0,5.0,0.0,0.0,0.0,0.0,7.0,16.0,13.0,0.0,0.0,0.0,0.0,0.0,10.0,13.0,14.0,7.0,0.0,0.0,0.0,0.0,10.0,11.0,10.0,15.0,0.0,0.0,0.0,0.0,4.0,13.0,11.0,3.0,0.0,0.0,1
53,0.0,0.0,1.0,10.0,13.0,13.0,1.0,0.0,0.0,1.0,13.0,10.0,4.0,14.0,4.0,0.0,0.0,8.0,13.0,0.0,7.0,12.0,0.0,0.0,0.0,2.0,12.0,14.0,15.0,2.0,0.0,0.0,0.0,0.0,5.0,15.0,15.0,2.0,0.0,0.0,0.0,0.0,8.0,7.0,3.0,13.0,3.0,0.0,0.0,0.0,8.0,8.0,0.0,13.0,4.0,0.0,0.0,0.0,1.0,11.0,16.0,16.0,2.0,0.0,1
87,0.0,0.0,3.0,9.0,14.0,7.0,0.0,0.0,0.0,3.0,15.0,11.0,8.0,15.0,2.0,0.0,0.0,4.0,16.0,5.0,2.0,16.0,7.0,0.0,0.0,0.0,4.0,15.0,13.0,16.0,7.0,0.0,0.0,0.0,0.0,6.0,16.0,16.0,1.0,0.0,0.0,0.0,2.0,15.0,8.0,16.0,7.0,0.0,0.0,0.0,4.0,16.0,4.0,15.0,7.0,0.0,0.0,0.0,0.0,10.0,15.0,10.0,0.0,0.0,1
342,0.0,0.0,6.0,11.0,16.0,13.0,5.0,0.0,0.0,2.0,16.0,16.0,16.0,16.0,12.0,0.0,0.0,0.0,0.0,0.0,5.0,16.0,4.0,0.0,0.0,0.0,0.0,10.0,15.0,5.0,0.0,0.0,0.0,0.0,9.0,16.0,3.0,0.0,0.0,0.0,0.0,0.0,13.0,16.0,13.0,1.0,0.0,0.0,0.0,0.0,0.0,5.0,16.0,14.0,0.0,0.0,0.0,0.0,5.0,14.0,11.0,6.0,0.0,0.0,0
309,0.0,0.0,4.0,16.0,16.0,9.0,0.0,0.0,0.0,0.0,1.0,9.0,10.0,16.0,1.0,0.0,0.0,0.0,0.0,5.0,15.0,16.0,1.0,0.0,0.0,0.0,0.0,10.0,16.0,5.0,0.0,0.0,0.0,0.0,0.0,2.0,16.0,6.0,0.0,0.0,0.0,0.0,0.0,0.0,10.0,10.0,0.0,0.0,0.0,0.0,11.0,8.0,12.0,14.0,1.0,0.0,0.0,0.0,5.0,13.0,16.0,15.0,0.0,0.0,0
142,0.0,0.0,4.0,13.0,16.0,11.0,0.0,0.0,0.0,9.0,16.0,9.0,10.0,15.0,0.0,0.0,0.0,5.0,4.0,0.0,12.0,11.0,0.0,0.0,0.0,0.0,0.0,5.0,16.0,12.0,1.0,0.0,0.0,0.0,0.0,1.0,9.0,15.0,8.0,0.0,0.0,0.0,0.0,0.0,0.0,8.0,12.0,0.0,0.0,0.0,1.0,6.0,8.0,16.0,8.0,0.0,0.0,0.0,5.0,16.0,15.0,9.0,1.0,0.0,0
146,0.0,0.0,6.0,9.0,11.0,9.0,0.0,0.0,0.0,13.0,16.0,15.0,15.0,15.0,0.0,0.0,0.0,4.0,5.0,2.0,15.0,6.0,0.0,0.0,0.0,0.0,0.0,3.0,15.0,6.0,0.0,0.0,0.0,0.0,0.0,0.0,6.0,15.0,6.0,0.0,0.0,0.0,0.0,0.0,0.0,5.0,12.0,0.0,0.0,0.0,0.0,5.0,13.0,16.0,9.0,0.0,0.0,0.0,3.0,13.0,12.0,7.0,1.0,0.0,0
28,0.0,6.0,16.0,16.0,15.0,7.0,0.0,0.0,0.0,2.0,11.0,12.0,16.0,16.0,5.0,0.0,0.0,0.0,0.0,0.0,14.0,15.0,2.0,0.0,0.0,0.0,0.0,1.0,16.0,11.0,0.0,0.0,0.0,0.0,0.0,0.0,14.0,14.0,0.0,0.0,0.0,0.0,0.0,0.0,5.0,16.0,9.0,0.0,0.0,0.0,3.0,7.0,12.0,16.0,7.0,0.0,0.0,3.0,16.0,16.0,15.0,11.0,1.0,0.0,0
19,0.0,2.0,15.0,16.0,16.0,13.0,2.0,0.0,0.0,1.0,10.0,8.0,14.0,16.0,8.0,0.0,0.0,0.0,0.0,0.0,16.0,15.0,1.0,0.0,0.0,0.0,0.0,0.0,16.0,8.0,0.0,0.0,0.0,0.0,0.0,0.0,14.0,14.0,0.0,0.0,0.0,0.0,0.0,0.0,11.0,16.0,1.0,0.0,0.0,2.0,14.0,13.0,16.0,16.0,3.0,0.0,0.0,2.0,15.0,16.0,14.0,5.0,0.0,0.0,0
183,0.0,0.0,7.0,15.0,14.0,6.0,0.0,0.0,0.0,5.0,16.0,5.0,10.0,16.0,4.0,0.0,0.0,6.0,15.0,2.0,10.0,14.0,1.0,0.0,0.0,1.0,13.0,16.0,14.0,1.0,0.0,0.0,0.0,0.0,10.0,13.0,15.0,8.0,0.0,0.0,0.0,0.0,15.0,2.0,3.0,15.0,6.0,0.0,0.0,0.0,15.0,3.0,8.0,15.0,6.0,0.0,0.0,0.0,6.0,16.0,11.0,4.0,0.0,0.0,1
158,0.0,1.0,12.0,16.0,13.0,2.0,0.0,0.0,0.0,5.0,14.0,6.0,13.0,12.0,0.0,0.0,0.0,0.0,0.0,3.0,15.0,7.0,0.0,0.0,0.0,0.0,2.0,16.0,8.0,0.0,0.0,0.0,0.0,0.0,1.0,12.0,16.0,11.0,1.0,0.0,0.0,0.0,0.0,0.0,5.0,15.0,7.0,0.0,0.0,0.0,6.0,0.0,4.0,14.0,7.0,0.0,0.0,0.0,16.0,16.0,15.0,8.0,1.0,0.0,0
66,0.0,0.0,4.0,13.0,15.0,9.0,0.0,0.0,0.0,4.0,14.0,6.0,5.0,16.0,0.0,0.0,0.0,7.0,12.0,2.0,2.0,16.0,0.0,0.0,0.0,4.0,16.0,15.0,14.0,7.0,0.0,0.0,0.0,0.0,9.0,16.0,16.0,5.0,0.0,0.0,0.0,0.0,10.0,6.0,8.0,15.0,2.0,0.0,0.0,0.0,11.0,9.0,4.0,13.0,11.0,0.0,0.0,0.0,2.0,14.0,16.0,15.0,6.0,0.0,1
244,0.0,0.0,9.0,14.0,16.0,16.0,2.0,0.0,0.0,7.0,15.0,7.0,4.0,14.0,8.0,0.0,0.0,0.0,0.0,0.0,5.0,15.0,4.0,0.0,0.0,0.0,0.0,0.0,16.0,4.0,0.0,0.0,0.0,0.0,0.0,0.0,15.0,4.0,0.0,0.0,0.0,0.0,0.0,0.0,7.0,12.0,0.0,0.0,0.0,0.0,15.0,2.0,8.0,14.0,0.0,0.0,0.0,0.0,10.0,15.0,12.0,3.0,0.0,0.0,0
350,0.0,1.0,7.0,13.0,16.0,13.0,0.0,0.0,0.0,7.0,16.0,16.0,16.0,14.0,0.0,0.0,0.0,1.0,7.0,16.0,10.0,1.0,0.0,0.0,0.0,1.0,16.0,15.0,0.0,0.0,0.0,0.0,0.0,0.0,8.0,15.0,14.0,3.0,0.0,0.0,0.0,0.0,0.0,1.0,14.0,15.0,3.0,0.0,0.0,0.0,1.0,5.0,13.0,16.0,7.0,0.0,0.0,0.0,8.0,15.0,10.0,6.0,0.0,0.0,0
112,0.0,0.0,1.0,10.0,15.0,10.0,0.0,0.0,0.0,1.0,13.0,11.0,8.0,12.0,0.0,0.0,0.0,2.0,9.0,0.0,13.0,6.0,0.0,0.0,0.0,0.0,0.0,0.0,16.0,1.0,0.0,0.0,0.0,0.0,0.0,0.0,14.0,10.0,1.0,0.0,0.0,0.0,0.0,0.0,1.0,9.0,10.0,0.0,0.0,0.0,13.0,7.0,0.0,2.0,16.0,0.0,0.0,0.0,2.0,11.0,15.0,16.0,12.0,0.0,0
172,0.0,1.0,11.0,14.0,9.0,1.0,0.0,0.0,0.0,3.0,16.0,8.0,16.0,4.0,0.0,0.0,0.0,0.0,0.0,3.0,16.0,3.0,0.0,0.0,0.0,0.0,1.0,14.0,13.0,0.0,0.0,0.0,0.0,0.0,0.0,7.0,14.0,10.0,0.0,0.0,0.0,0.0,0.0,0.0,3.0,16.0,4.0,0.0,0.0,1.0,3.0,1.0,8.0,16.0,4.0,0.0,0.0,3.0,10.0,16.0,16.0,8.0,0.0,0.0,0
301,0.0,0.0,3.0,12.0,16.0,9.0,0.0,0.0,0.0,0.0,12.0,9.0,13.0,16.0,9.0,0.0,0.0,3.0,16.0,5.0,0.0,8.0,12.0,0.0,0.0,0.0,9.0,16.0,10.0,13.0,2.0,0.0,0.0,0.0,0.0,4.0,16.0,12.0,0.0,0.0,0.0,0.0,0.0,11.0,9.0,16.0,0.0,0.0,0.0,0.0,1.0,15.0,2.0,12.0,0.0,0.0,0.0,0.0,2.0,16.0,16.0,6.0,0.0,0.0,1
316,0.0,2.0,16.0,16.0,16.0,12.0,0.0,0.0,0.0,1.0,9.0,5.0,12.0,16.0,2.0,0.0,0.0,0.0,0.0,6.0,15.0,14.0,2.0,0.0,0.0,0.0,1.0,16.0,16.0,1.0,0.0,0.0,0.0,0.0,0.0,12.0,16.0,1.0,0.0,0.0,0.0,0.0,0.0,6.0,16.0,6.0,0.0,0.0,0.0,0.0,0.0,12.0,16.0,5.0,0.0,0.0,0.0,1.0,16.0,16.0,13.0,1.0,0.0,0.0,0
130,0.0,0.0,3.0,12.0,16.0,14.0,0.0,0.0,0.0,3.0,15.0,16.0,15.0,14.0,0.0,0.0,0.0,3.0,12.0,1.0,15.0,8.0,0.0,0.0,0.0,0.0,0.0,9.0,16.0,8.0,0.0,0.0,0.0,0.0,0.0,10.0,16.0,16.0,8.0,0.0,0.0,0.0,0.0,2.0,5.0,13.0,8.0,0.0,0.0,0.0,2.0,11.0,11.0,15.0,5.0,0.0,0.0,0.0,3.0,16.0,16.0,9.0,0.0,0.0,0
175,0.0,0.0,7.0,15.0,15.0,2.0,0.0,0.0,0.0,0.0,13.0,6.0,12.0,6.0,0.0,0.0,0.0,0.0,0.0,0.0,15.0,2.0,0.0,0.0,0.0,0.0,0.0,13.0,10.0,0.0,0.0,0.0,0.0,0.0,0.0,8.0,15.0,12.0,0.0,0.0,0.0,3.0,7.0,0.0,2.0,15.0,1.0,0.0,0.0,2.0,15.0,6.0,6.0,16.0,1.0,0.0,0.0,0.0,4.0,15.0,16.0,7.0,0.0,0.0,0
178,0.0,0.0,1.0,11.0,14.0,15.0,3.0,0.0,0.0,1.0,13.0,16.0,12.0,16.0,8.0,0.0,0.0,8.0,16.0,4.0,6.0,16.0,5.0,0.0,0.0,5.0,15.0,11.0,13.0,14.0,0.0,0.0,0.0,0.0,2.0,12.0,16.0,13.0,0.0,0.0,0.0,0.0,0.0,13.0,16.0,16.0,6.0,0.0,0.0,0.0,0.0,16.0,16.0,16.0,7.0,0.0,0.0,0.0,0.0,11.0,13.0,12.0,1.0,0.0,1
72,0.0,0.0,6.0,13.0,16.0,10.0,0.0,0.0,0.0,4.0,13.0,5.0,4.0,16.0,0.0,0.0,0.0,0.0,0.0,1.0,10.0,8.0,0.0,0.0,0.0,0.0,0.0,12.0,16.0,3.0,0.0,0.0,0.0,0.0,0.0,3.0,7.0,15.0,1.0,0.0,0.0,0.0,0.0,0.0,0.0,9.0,8.0,0.0,0.0,0.0,8.0,6.0,3.0,11.0,7.0,0.0,0.0,0.0,4.0,14.0,16.0,11.0,1.0,0.0,0
267,0.0,0.0,6.0,14.0,16.0,6.0,0.0,0.0,0.0,6.0,16.0,16.0,8.0,15.0,0.0,0.0,0.0,7.0,14.0,14.0,12.0,14.0,0.0,0.0,0.0,0.0,13.0,10.0,16.0,6.0,0.0,0.0,0.0,0.0,4.0,16.0,10.0,0.0,0.0,0.0,0.0,0.0,11.0,13.0,16.0,2.0,0.0,0.0,0.0,0.0,15.0,5.0,15.0,4.0,0.0,0.0,0.0,0.0,8.0,16.0,15.0,1.0,0.0,0.0,1
343,0.0,0.0,4.0,12.0,13.0,1.0,0.0,0.0,0.0,0.0,4.0,16.0,16.0,5.0,0.0,0.0,0.0,0.0,9.0,16.0,10.0,0.0,0.0,0.0,0.0,8.0,16.0,16.0,11.0,4.0,0.0,0.0,0.0,0.0,4.0,8.0,16.0,16.0,7.0,0.0,0.0,0.0,0.0,0.0,2.0,14.0,14.0,0.0,0.0,0.0,0.0,4.0,15.0,16.0,11.0,0.0,0.0,0.0,5.0,16.0,14.0,8.0,0.0,0.0,0
281,0.0,0.0,4.0,15.0,15.0,4.0,0.0,0.0,0.0,6.0,16.0,16.0,12.0,14.0,0.0,0.0,0.0,11.0,11.0,6.0,14.0,12.0,0.0,0.0,0.0,3.0,14.0,13.0,14.0,1.0,0.0,0.0,0.0,0.0,12.0,16.0,5.0,0.0,0.0,0.0,0.0,1.0,16.0,13.0,9.0,0.0,0.0,0.0,0.0,0.0,13.0,10.0,15.0,0.0,0.0,0.0,0.0,0.0,3.0,15.0,15.0,0.0,0.0,0.0,1
1,0.0,0.0,9.0,14.0,8.0,1.0,0.0,0.0,0.0,0.0,12.0,14.0,14.0,12.0,0.0,0.0,0.0,0.0,9.0,10.0,0.0,15.0,4.0,0.0,0.0,0.0,3.0,16.0,12.0,14.0,2.0,0.0,0.0,0.0,4.0,16.0,16.0,2.0,0.0,0.0,0.0,3.0,16.0,8.0,10.0,13.0,2.0,0.0,0.0,1.0,15.0,1.0,3.0,16.0,8.0,0.0,0.0,0.0,11.0,16.0,15.0,11.0,1.0,0.0,1
318,0.0,0.0,11.0,15.0,16.0,10.0,0.0,0.0,0.0,8.0,16.0,8.0,15.0,16.0,0.0,0.0,0.0,5.0,6.0,10.0,16.0,8.0,0.0,0.0,0.0,0.0,4.0,16.0,11.0,1.0,0.0,0.0,0.0,0.0,2.0,15.0,9.0,0.0,0.0,0.0,0.0,0.0,0.0,9.0,16.0,2.0,0.0,0.0,0.0,0.0,0.0,8.0,16.0,5.0,0.0,0.0,0.0,0.0,13.0,16.0,15.0,0.0,0.0,0.0,0
56,0.0,0.0,8.0,14.0,14.0,4.0,0.0,0.0,0.0,5.0,12.0,4.0,7.0,12.0,0.0,0.0,0.0,4.0,2.0,3.0,13.0,5.0,0.0,0.0,0.0,0.0,0.0,16.0,15.0,1.0,0.0,0.0,0.0,0.0,0.0,3.0,9.0,14.0,1.0,0.0,0.0,0.0,0.0,0.0,0.0,7.0,8.0,0.0,0.0,0.0,3.0,4.0,4.0,13.0,7.0,0.0,0.0,0.0,11.0,16.0,15.0,5.0,0.0,0.0,0
90,0.0,0.0,4.0,13.0,14.0,2.0,0.0,0.0,0.0,0.0,15.0,10.0,11.0,10.0,0.0,0.0,0.0,3.0,15.0,2.0,12.0,6.0,0.0,0.0,0.0,0.0,3.0,8.0,16.0,7.0,0.0,0.0,0.0,0.0,0.0,4.0,9.0,16.0,2.0,0.0,0.0,0.0,10.0,3.0,0.0,13.0,6.0,0.0,0.0,0.0,16.0,5.0,7.0,16.0,3.0,0.0,0.0,0.0,7.0,13.0,13.0,8.0,0.0,0.0,0
138,0.0,0.0,1.0,9.0,15.0,15.0,1.0,0.0,0.0,0.0,13.0,14.0,8.0,12.0,4.0,0.0,0.0,5.0,11.0,1.0,2.0,13.0,1.0,0.0,0.0,1.0,4.0,0.0,11.0,6.0,0.0,0.0,0.0,0.0,0.0,0.0,15.0,14.0,1.0,0.0,0.0,0.0,0.0,0.0,3.0,13.0,6.0,0.0,0.0,0.0,0.0,4.0,10.0,16.0,2.0,0.0,0.0,0.0,0.0,12.0,13.0,4.0,0.0,0.0,0
103,0.0,0.0,8.0,11.0,8.0,10.0,0.0,0.0,0.0,3.0,15.0,8.0,12.0,16.0,4.0,0.0,0.0,3.0,12.0,0.0,3.0,16.0,2.0,0.0,0.0,0.0,11.0,10.0,15.0,10.0,0.0,0.0,0.0,0.0,4.0,16.0,16.0,6.0,0.0,0.0,0.0,0.0,7.0,9.0,4.0,16.0,0.0,0.0,0.0,0.0,12.0,11.0,5.0,16.0,0.0,0.0,0.0,0.0,3.0,10.0,9.0,3.0,0.0,0.0,1
117,0.0,0.0,0.0,7.0,13.0,10.0,0.0,0.0,0.0,0.0,10.0,13.0,5.0,13.0,0.0,0.0,0.0,7.0,12.0,0.0,8.0,8.0,0.0,0.0,0.0,6.0,6.0,3.0,15.0,1.0,0.0,0.0,0.0,0.0,0.0,2.0,13.0,9.0,0.0,0.0,0.0,0.0,0.0,0.0,0.0,11.0,7.0,0.0,0.0,0.0,5.0,9.0,1.0,2.0,12.0,0.0,0.0,0.0,0.0,9.0,15.0,16.0,9.0,0.0,0
101,0.0,0.0,5.0,15.0,15.0,7.0,0.0,0.0,0.0,2.0,16.0,11.0,16.0,16.0,8.0,0.0,0.0,2.0,16.0,5.0,4.0,16.0,8.0,0.0,0.0,1.0,12.0,16.0,16.0,10.0,0.0,0.0,0.0,0.0,7.0,16.0,16.0,5.0,0.0,0.0,0.0,0.0,15.0,9.0,14.0,10.0,0.0,0.0,0.0,0.0,14.0,12.0,16.0,8.0,0.0,0.0,0.0,0.0,5.0,14.0,12.0,1.0,0.0,0.0,1
211,0.0,2.0,15.0,12.0,1.0,0.0,0.0,0.0,0.0,4.0,16.0,13.0,13.0,0.0,0.0,0.0,0.0,0.0,14.0,3.0,15.0,12.0,5.0,0.0,0.0,0.0,5.0,16.0,16.0,11.0,0.0,0.0,0.0,2.0,13.0,13.0,14.0,2.0,0.0,0.0,0.0,5.0,13.0,0.0,6.0,8.0,0.0,0.0,0.0,4.0,11.0,0.0,1.0,15.0,0.0,0.0,0.0,2.0,12.0,16.0,16.0,7.0,0.0,0.0,1
246,0.0,2.0,9.0,16.0,13.0,13.0,2.0,0.0,0.0,11.0,11.0,4.0,2.0,10.0,4.0,0.0,0.0,6.0,12.0,2.0,4.0,12.0,0.0,0.0,0.0,0.0,6.0,14.0,13.0,2.0,0.0,0.0,0.0,0.0,1.0,14.0,12.0,0.0,0.0,0.0,0.0,0.0,8.0,7.0,13.0,0.0,0.0,0.0,0.0,0.0,12.0,5.0,12.0,0.0,0.0,0.0,0.0,0.0,13.0,14.0,3.0,0.0,0.0,0.0,1
32,0.0,0.0,6.0,15.0,13.0,3.0,0.0,0.0,0.0,0.0,13.0,14.0,15.0,12.0,0.0,0.0,0.0,0.0,14.0,11.0,13.0,15.0,5.0,0.0,0.0,0.0,9.0,16.0,15.0,8.0,0.0,0.0,0.0,2.0,16.0,16.0,16.0,2.0,0.0,0.0,0.0,8.0,16.0,2.0,14.0,10.0,0.0,0.0,0.0,5.0,16.0,9.0,14.0,11.0,0.0,0.0,0.0,0.0,8.0,14.0,13.0,2.0,0.0,0.0,1
290,0.0,0.0,2.0,11.0,13.0,5.0,0.0,0.0,0.0,0.0,16.0,10.0,13.0,16.0,7.0,0.0,0.0,0.0,14.0,10.0,0.0,10.0,11.0,0.0,0.0,0.0,4.0,14.0,16.0,13.0,1.0,0.0,0.0,0.0,0.0,11.0,13.0,12.0,1.0,0.0,0.0,0.0,8.0,10.0,2.0,14.0,3.0,0.0,0.0,0.0,10.0,10.0,3.0,15.0,1.0,0.0,0.0,0.0,2.0,15.0,16.0,6.0,0.0,0.0,1
